zx,ix,zy,iy,zh,ih
21,1863725,22,1625407,15,16379
21,1863725,22,1625412,15,16382
21,1863725,22,1625412,15,16384
21,1863725,22,1625421,15,16381
21,1863725,23,3250845,13,4096
21,1863725,23,3250818,14,8190
21,1863725,23,3250845,14,8194
21,1863725,23,3250813,15,16379
21,1863725,23,3250816,15,16379
21,1863725,23,3250818,15,16382
21,1863725,23,3250823,15,16382
21,1863725,23,3250825,15,16385
21,1863725,23,3250827,15,16382
21,1863725,23,3250836,15,16382
21,1863725,23,3250841,15,16381
21,1863725,23,3250845,15,16382
21,1863725,23,3250846,15,16386
21,1863725,24,6501653,13,4096
21,1863725,24,6501654,13,4096
21,1863725,24,6501688,14,8192
21,1863725,24,6501692,14,8192
21,1863725,24,6501692,14,8194
21,1863725,24,6501635,15,16379
21,1863725,24,6501636,15,16379
21,1863725,24,6501638,15,16380
21,1863725,24,6501649,15,16385
21,1863725,24,6501651,15,16386
21,1863725,24,6501653,15,16382
21,1863725,24,6501681,15,16381
21,1863725,24,6501688,15,16381
21,1863725,24,6501688,15,16382
21,1863725,24,6501691,15,16390
21,1863725,24,6501692,15,16387
21,1863725,24,6501692,15,16390
21,1863725,25,13003304,13,4096
21,1863725,25,13003379,13,4096
21,1863725,25,13003310,14,8192
21,1863725,25,13003386,14,8194
21,1863725,25,13003268,15,16379
21,1863725,25,13003271,15,16380
21,1863725,25,13003283,15,16382
21,1863725,25,13003284,15,16382
21,1863725,25,13003291,15,16382
21,1863725,25,13003295,15,16384
21,1863725,25,13003301,15,16386
21,1863725,25,13003304,15,16382
21,1863725,25,13003307,15,16388
21,1863725,25,13003308,15,16388
21,1863725,25,13003343,15,16382
21,1863725,25,13003348,15,16382
21,1863725,25,13003349,15,16381
21,1863725,25,13003350,15,16381
21,1863725,25,13003359,15,16381
21,1863725,25,13003361,15,16381
21,1863725,25,13003377,15,16386
21,1863725,25,13003379,15,16382
21,1863725,25,13003379,15,16388
21,1863725,25,13003384,15,16382
21,1863725,25,13003386,15,16385
21,1863725,25,13003386,15,16387
21,1863725,25,13003386,15,16390
22,3727448,21,812709,15,16380
22,3727453,21,812709,15,16382
22,3727451,22,1625411,12,2049
22,3727453,22,1625411,12,2048
22,3727451,22,1625411,13,4097
22,3727451,22,1625412,13,4097
22,3727453,22,1625412,13,4096
22,3727451,22,1625411,14,8193
22,3727451,22,1625411,14,8200
22,3727446,22,1625419,15,16380
22,3727448,22,1625411,15,16379
22,3727448,22,1625412,15,16379
22,3727448,22,1625414,15,16379
22,3727448,22,1625416,15,16380
22,3727448,22,1625419,15,16381
22,3727451,22,1625411,15,16385
22,3727451,22,1625412,15,16387
22,3727451,22,1625416,15,16382
22,3727451,22,1625416,15,16384
22,3727453,22,1625407,15,16379
22,3727453,22,1625411,15,16382
22,3727453,22,1625411,15,16392
22,3727453,22,1625412,15,16382
22,3727453,22,1625414,15,16382
22,3727453,22,1625416,15,16382
22,3727453,22,1625421,15,16382
22,3727453,22,1625423,15,16382
22,3727455,22,1625407,15,16380
22,3727455,22,1625409,15,16382
22,3727455,22,1625409,15,16384
22,3727455,22,1625411,15,16382
22,3727455,22,1625412,15,16382
22,3727455,22,1625414,15,16382
22,3727455,22,1625416,15,16382
22,3727455,22,1625418,15,16382
22,3727456,22,1625409,15,16382
22,3727456,22,1625411,15,16382
22,3727456,22,1625412,15,16382
22,3727456,22,1625414,15,16382
22,3727451,23,3250820,12,2048
22,3727446,23,3250843,13,4097
22,3727448,23,3250837,13,4096
22,3727450,23,3250836,13,4096
22,3727451,23,3250819,13,4096
22,3727453,23,3250820,13,4096
22,3727453,23,3250847,13,4096
22,3727455,23,3250816,13,4096
22,3727446,23,3250843,14,8193
22,3727446,23,3250843,14,8196
22,3727450,23,3250836,14,8194
22,3727451,23,3250820,14,8196
22,3727451,23,3250824,14,8196
22,3727451,23,3250828,14,8192
22,3727451,23,3250832,14,8193
22,3727453,23,3250816,14,8190
22,3727453,23,3250820,14,8194
22,3727455,23,3250816,14,8194
22,3727446,23,3250843,15,16385
22,3727446,23,3250843,15,16394
22,3727448,23,3250827,15,16379
22,3727448,23,3250830,15,16379
22,3727448,23,3250834,15,16380
22,3727448,23,3250837,15,16381
22,3727448,23,3250837,15,16382
22,3727448,23,3250841,15,16381
22,3727448,23,3250843,15,16382
22,3727450,23,3250830,15,16380
22,3727450,23,3250832,15,16380
22,3727450,23,3250836,15,16381
22,3727451,23,3250819,15,16382
22,3727451,23,3250819,15,16388
22,3727451,23,3250820,15,16394
22,3727451,23,3250822,15,16384
22,3727451,23,3250824,15,16386
22,3727451,23,3250824,15,16394
22,3727451,23,3250828,15,16382
22,3727451,23,3250828,15,16386
22,3727451,23,3250832,15,16385
22,3727451,23,3250834,15,16382
22,3727451,23,3250838,15,16381
22,3727453,23,3250816,15,16379
22,3727453,23,3250816,15,16382
22,3727453,23,3250819,15,16382
22,3727453,23,3250820,15,16382
22,3727453,23,3250820,15,16390
22,3727453,23,3250820,15,16394
22,3727453,23,3250822,15,16393
22,3727453,23,3250824,15,16388
22,3727453,23,3250827,15,16382
22,3727453,23,3250827,15,16384
22,3727453,23,3250830,15,16382
22,3727453,23,3250834,15,16382
22,3727453,23,3250841,15,16382
22,3727453,23,3250845,15,16382
22,3727453,23,3250847,15,16388
22,3727455,23,3250816,15,16381
22,3727455,23,3250816,15,16382
22,3727455,23,3250818,15,16381
22,3727455,23,3250820,15,16382
22,3727455,23,3250820,15,16384
22,3727455,23,3250827,15,16382
22,3727455,23,3250830,15,16382
22,3727455,23,3250834,15,16382
22,3727455,23,3250838,15,16382
22,3727456,23,3250815,15,16380
22,3727456,23,3250818,15,16381
22,3727456,23,3250818,15,16384
22,3727456,23,3250820,15,16382
22,3727456,23,3250827,15,16382
22,3727451,24,6501642,12,2048
22,3727453,24,6501642,12,2048
22,3727446,24,6501685,13,4097
22,3727446,24,6501688,13,4097
22,3727450,24,6501674,13,4096
22,3727451,24,6501642,13,4098
22,3727451,24,6501663,13,4096
22,3727446,24,6501685,14,8193
22,3727446,24,6501688,14,8196
22,3727448,24,6501645,14,8190
22,3727448,24,6501667,14,8192
22,3727448,24,6501670,14,8190
22,3727450,24,6501674,14,8194
22,3727450,24,6501692,14,8196
22,3727451,24,6501631,14,8190
22,3727451,24,6501637,14,8192
22,3727451,24,6501648,14,8198
22,3727451,24,6501653,14,8195
22,3727451,24,6501654,14,8195
22,3727451,24,6501661,14,8192
22,3727451,24,6501663,14,8194
22,3727451,24,6501664,14,8194
22,3727453,24,6501631,14,8190
22,3727453,24,6501632,14,8192
22,3727453,24,6501638,14,8190
22,3727453,24,6501639,14,8192
22,3727453,24,6501641,14,8196
22,3727453,24,6501642,14,8196
22,3727453,24,6501645,14,8197
22,3727453,24,6501653,14,8192
22,3727455,24,6501631,14,8192
22,3727446,24,6501675,15,16380
22,3727446,24,6501679,15,16381
22,3727446,24,6501681,15,16380
22,3727446,24,6501682,15,16380
22,3727446,24,6501683,15,16381
22,3727446,24,6501685,15,16385
22,3727446,24,6501687,15,16384
22,3727446,24,6501688,15,16387
22,3727446,24,6501688,15,16394
22,3727448,24,6501642,15,16379
22,3727448,24,6501645,15,16382
22,3727448,24,6501645,15,16384
22,3727448,24,6501653,15,16379
22,3727448,24,6501663,15,16380
22,3727448,24,6501667,15,16381
22,3727448,24,6501667,15,16382
22,3727448,24,6501670,15,16382
22,3727448,24,6501681,15,16381
22,3727448,24,6501681,15,16382
22,3727448,24,6501682,15,16382
22,3727448,24,6501684,15,16381
22,3727448,24,6501688,15,16382
22,3727448,24,6501690,15,16386
22,3727450,24,6501635,15,16381
22,3727450,24,6501635,15,16382
22,3727450,24,6501663,15,16380
22,3727450,24,6501673,15,16390
22,3727450,24,6501692,15,16391
22,3727451,24,6501624,15,16385
22,3727451,24,6501631,15,16382
22,3727451,24,6501631,15,16384
22,3727451,24,6501632,15,16380
22,3727451,24,6501638,15,16381
22,3727451,24,6501639,15,16389
22,3727451,24,6501639,15,16393
22,3727451,24,6501639,15,16394
22,3727451,24,6501640,15,16382
22,3727451,24,6501642,15,16400
22,3727451,24,6501644,15,16382
22,3727451,24,6501646,15,16384
22,3727451,24,6501648,15,16385
22,3727451,24,6501648,15,16395
22,3727451,24,6501648,15,16398
22,3727451,24,6501653,15,16389
22,3727451,24,6501654,15,16389
22,3727451,24,6501655,15,16386
22,3727451,24,6501661,15,16382
22,3727451,24,6501661,15,16386
22,3727451,24,6501661,15,16389
22,3727451,24,6501663,15,16382
22,3727451,24,6501666,15,16385
22,3727451,24,6501670,15,16382
22,3727451,24,6501678,15,16381
22,3727451,24,6501693,15,16382
22,3727451,24,6501693,15,16384
22,3727453,24,6501627,15,16379
22,3727453,24,6501631,15,16382
22,3727453,24,6501631,15,16384
22,3727453,24,6501635,15,16379
22,3727453,24,6501637,15,16380
22,3727453,24,6501639,15,16386
22,3727453,24,6501641,15,16391
22,3727453,24,6501642,15,16382
22,3727453,24,6501646,15,16393
22,3727453,24,6501648,15,16389
22,3727453,24,6501653,15,16382
22,3727453,24,6501654,15,16385
22,3727453,24,6501663,15,16382
22,3727453,24,6501670,15,16382
22,3727453,24,6501681,15,16382
22,3727453,24,6501688,15,16382
22,3727453,24,6501695,15,16389
22,3727455,24,6501631,15,16381
22,3727455,24,6501631,15,16382
22,3727455,24,6501631,15,16386
22,3727455,24,6501632,15,16380
22,3727455,24,6501635,15,16381
22,3727455,24,6501635,15,16382
22,3727455,24,6501639,15,16385
22,3727455,24,6501639,15,16386
22,3727455,24,6501640,15,16385
22,3727455,24,6501642,15,16382
22,3727455,24,6501642,15,16384
22,3727455,24,6501653,15,16382
22,3727455,24,6501663,15,16382
22,3727455,24,6501670,15,16382
22,3727456,24,6501629,15,16380
22,3727456,24,6501632,15,16380
22,3727456,24,6501633,15,16381
22,3727456,24,6501633,15,16382
22,3727456,24,6501633,15,16384
22,3727456,24,6501635,15,16381
22,3727456,24,6501635,15,16382
22,3727456,24,6501635,15,16384
22,3727456,24,6501637,15,16385
22,3727456,24,6501642,15,16382
22,3727456,24,6501653,15,16382
22,3727456,24,6501660,15,16382
22,3727451,25,13003286,11,1024
22,3727446,25,13003369,12,2048
22,3727453,25,13003286,12,2048
22,3727450,25,13003343,13,4096
22,3727450,25,13003350,13,4096
22,3727451,25,13003285,13,4099
22,3727451,25,13003304,13,4097
22,3727451,25,13003325,13,4096
22,3727453,25,13003304,13,4096
22,3727446,25,13003349,14,8190
22,3727446,25,13003349,14,8192
22,3727446,25,13003350,14,8192
22,3727446,25,13003361,14,8190
22,3727446,25,13003371,14,8196
22,3727446,25,13003376,14,8192
22,3727446,25,13003379,14,8195
22,3727446,25,13003379,14,8196
22,3727448,25,13003289,14,8190
22,3727448,25,13003292,14,8190
22,3727448,25,13003333,14,8192
22,3727448,25,13003343,14,8190
22,3727448,25,13003361,14,8190
22,3727448,25,13003380,14,8194
22,3727450,25,13003386,14,8196
22,3727451,25,13003250,14,8190
22,3727451,25,13003279,14,8195
22,3727451,25,13003311,14,8192
22,3727451,25,13003316,14,8192
22,3727451,25,13003387,14,8194
22,3727453,25,13003253,14,8190
22,3727453,25,13003253,14,8192
22,3727453,25,13003254,14,8190
22,3727453,25,13003261,14,8190
22,3727453,25,13003268,14,8190
22,3727453,25,13003281,14,8196
22,3727453,25,13003286,14,8196
22,3727453,25,13003296,14,8195
22,3727453,25,13003306,14,8193
22,3727453,25,13003387,14,8192
22,3727453,25,13003392,14,8194
22,3727455,25,13003261,14,8192
22,3727455,25,13003263,14,8194
22,3727446,25,13003349,15,16382
22,3727446,25,13003350,15,16381
22,3727446,25,13003350,15,16382
22,3727446,25,13003367,15,16382
22,3727446,25,13003368,15,16382
22,3727446,25,13003370,15,16384
22,3727446,25,13003373,15,16384
22,3727446,25,13003376,15,16386
22,3727446,25,13003379,15,16394
22,3727448,25,13003286,15,16379
22,3727448,25,13003289,15,16382
22,3727448,25,13003289,15,16384
22,3727448,25,13003292,15,16382
22,3727448,25,13003292,15,16384
22,3727448,25,13003304,15,16379
22,3727448,25,13003325,15,16379
22,3727448,25,13003326,15,16379
22,3727448,25,13003333,15,16381
22,3727448,25,13003333,15,16382
22,3727448,25,13003351,15,16388
22,3727448,25,13003362,15,16380
22,3727448,25,13003366,15,16382
22,3727448,25,13003370,15,16381
22,3727448,25,13003380,15,16387
22,3727448,25,13003382,15,16386
22,3727450,25,13003250,15,16379
22,3727450,25,13003268,15,16380
22,3727450,25,13003270,15,16380
22,3727450,25,13003319,15,16380
22,3727450,25,13003325,15,16380
22,3727450,25,13003332,15,16380
22,3727450,25,13003343,15,16388
22,3727450,25,13003348,15,16381
22,3727450,25,13003348,15,16390
22,3727450,25,13003349,15,16382
22,3727450,25,13003350,15,16382
22,3727450,25,13003350,15,16388
22,3727450,25,13003377,15,16387
22,3727450,25,13003377,15,16388
22,3727450,25,13003379,15,16381
22,3727450,25,13003380,15,16381
22,3727450,25,13003383,15,16391
22,3727450,25,13003383,15,16392
22,3727450,25,13003385,15,16394
22,3727450,25,13003386,15,16391
22,3727450,25,13003386,15,16394
22,3727451,25,13003250,15,16382
22,3727451,25,13003264,15,16381
22,3727451,25,13003264,15,16382
22,3727451,25,13003264,15,16384
22,3727451,25,13003266,15,16380
22,3727451,25,13003273,15,16384
22,3727451,25,13003275,15,16386
22,3727451,25,13003277,15,16389
22,3727451,25,13003277,15,16394
22,3727451,25,13003278,15,16381
22,3727451,25,13003279,15,16392
22,3727451,25,13003282,15,16382
22,3727451,25,13003283,15,16395
22,3727451,25,13003283,15,16400
22,3727451,25,13003285,15,16382
22,3727451,25,13003286,15,16382
22,3727451,25,13003286,15,16400
22,3727451,25,13003290,15,16382
22,3727451,25,13003294,15,16384
22,3727451,25,13003295,15,16402
22,3727451,25,13003298,15,16395
22,3727451,25,13003300,15,16386
22,3727451,25,13003306,15,16388
22,3727451,25,13003308,15,16392
22,3727451,25,13003309,15,16388
22,3727451,25,13003310,15,16387
22,3727451,25,13003316,15,16382
22,3727451,25,13003316,15,16386
22,3727451,25,13003325,15,16382
22,3727451,25,13003325,15,16389
22,3727451,25,13003332,15,16386
22,3727451,25,13003334,15,16385
22,3727451,25,13003351,15,16381
22,3727451,25,13003358,15,16381
22,3727451,25,13003381,15,16390
22,3727451,25,13003385,15,16382
22,3727451,25,13003387,15,16385
22,3727451,25,13003387,15,16387
22,3727451,25,13003387,15,16390
22,3727453,25,13003253,15,16379
22,3727453,25,13003253,15,16382
22,3727453,25,13003254,15,16382
22,3727453,25,13003254,15,16384
22,3727453,25,13003261,15,16382
22,3727453,25,13003261,15,16384
22,3727453,25,13003263,15,16385
22,3727453,25,13003263,15,16386
22,3727453,25,13003264,15,16386
22,3727453,25,13003266,15,16384
22,3727453,25,13003268,15,16379
22,3727453,25,13003268,15,16382
22,3727453,25,13003272,15,16379
22,3727453,25,13003273,15,16380
22,3727453,25,13003275,15,16381
22,3727453,25,13003277,15,16384
22,3727453,25,13003278,15,16381
22,3727453,25,13003279,15,16387
22,3727453,25,13003281,15,16391
22,3727453,25,13003284,15,16394
22,3727453,25,13003286,15,16382
22,3727453,25,13003289,15,16394
22,3727453,25,13003292,15,16394
22,3727453,25,13003294,15,16393
22,3727453,25,13003303,15,16388
22,3727453,25,13003304,15,16382
22,3727453,25,13003310,15,16385
22,3727453,25,13003312,15,16384
22,3727453,25,13003325,15,16382
22,3727453,25,13003343,15,16382
22,3727453,25,13003361,15,16382
22,3727453,25,13003379,15,16382
22,3727453,25,13003387,15,16386
22,3727455,25,13003261,15,16381
22,3727455,25,13003261,15,16382
22,3727455,25,13003261,15,16386
22,3727455,25,13003263,15,16387
22,3727455,25,13003266,15,16380
22,3727455,25,13003268,15,16381
22,3727455,25,13003268,15,16382
22,3727455,25,13003271,15,16384
22,3727455,25,13003277,15,16385
22,3727455,25,13003280,15,16386
22,3727455,25,13003282,15,16385
22,3727455,25,13003286,15,16382
22,3727455,25,13003286,15,16384
22,3727455,25,13003304,15,16382
22,3727455,25,13003325,15,16382
22,3727455,25,13003343,15,16382
22,3727455,25,13003356,15,16382
22,3727456,25,13003265,15,16381
22,3727456,25,13003265,15,16382
22,3727456,25,13003266,15,16380
22,3727456,25,13003268,15,16381
22,3727456,25,13003268,15,16382
22,3727456,25,13003268,15,16384
22,3727456,25,13003273,15,16385
22,3727456,25,13003286,15,16382
22,3727456,25,13003304,15,16382
22,3727456,25,13003322,15,16382
23,7454894,21,812709,15,16380
23,7454898,21,812709,15,16380
23,7454905,21,812709,15,16382
23,7454908,21,812709,15,16382
23,7454905,22,1625411,11,1024
23,7454894,22,1625421,13,4096
23,7454896,22,1625419,13,4096
23,7454901,22,1625412,13,4097
23,7454905,22,1625411,13,4100
23,7454905,22,1625412,13,4096
23,7454905,22,1625423,13,4096
23,7454893,22,1625419,14,8192
23,7454894,22,1625421,14,8194
23,7454898,22,1625411,14,8190
23,7454898,22,1625412,14,8190
23,7454901,22,1625411,14,8193
23,7454903,22,1625414,14,8194
23,7454905,22,1625411,14,8202
23,7454905,22,1625412,14,8194
23,7454908,22,1625411,14,8192
23,7454908,22,1625412,14,8192
23,7454891,22,1625421,15,16385
23,7454893,22,1625419,15,16382
23,7454893,22,1625419,15,16386
23,7454894,22,1625416,15,16379
23,7454896,22,1625419,15,16382
23,7454896,22,1625419,15,16388
23,7454897,22,1625409,15,16379
23,7454898,22,1625407,15,16379
23,7454898,22,1625409,15,16379
23,7454898,22,1625411,15,16379
23,7454898,22,1625411,15,16382
23,7454898,22,1625412,15,16379
23,7454898,22,1625414,15,16379
23,7454898,22,1625416,15,16380
23,7454898,22,1625418,15,16381
23,7454900,22,1625418,15,16380
23,7454901,22,1625411,15,16385
23,7454901,22,1625412,15,16387
23,7454902,22,1625416,15,16390
23,7454903,22,1625414,15,16387
23,7454903,22,1625414,15,16390
23,7454905,22,1625407,15,16379
23,7454905,22,1625411,15,16382
23,7454905,22,1625412,15,16382
23,7454905,22,1625412,15,16390
23,7454905,22,1625414,15,16382
23,7454905,22,1625416,15,16382
23,7454905,22,1625421,15,16382
23,7454905,22,1625423,15,16382
23,7454905,22,1625423,15,16388
23,7454906,22,1625411,15,16400
23,7454906,22,1625412,15,16392
23,7454906,22,1625414,15,16385
23,7454906,22,1625414,15,16386
23,7454908,22,1625411,15,16382
23,7454908,22,1625412,15,16382
23,7454908,22,1625414,15,16382
23,7454908,22,1625416,15,16382
23,7454908,22,1625421,15,16382
23,7454908,22,1625423,15,16382
23,7454912,22,1625416,15,16382
23,7454905,23,3250820,12,2048
23,7454894,23,3250837,13,4096
23,7454897,23,3250836,13,4096
23,7454898,23,3250836,13,4096
23,7454900,23,3250843,13,4096
23,7454902,23,3250834,13,4096
23,7454905,23,3250820,13,4098
23,7454905,23,3250824,13,4098
23,7454905,23,3250827,13,4096
23,7454905,23,3250832,13,4096
23,7454906,23,3250822,13,4099
23,7454908,23,3250820,13,4096
23,7454894,23,3250829,14,8190
23,7454894,23,3250830,14,8190
23,7454896,23,3250832,14,8192
23,7454897,23,3250836,14,8194
23,7454898,23,3250827,14,8190
23,7454898,23,3250836,14,8194
23,7454901,23,3250828,14,8192
23,7454902,23,3250833,14,8194
23,7454902,23,3250834,14,8194
23,7454903,23,3250820,14,8198
23,7454903,23,3250822,14,8201
23,7454903,23,3250822,14,8202
23,7454905,23,3250816,14,8190
23,7454905,23,3250819,14,8192
23,7454905,23,3250820,14,8198
23,7454905,23,3250824,14,8198
23,7454905,23,3250827,14,8194
23,7454905,23,3250828,14,8192
23,7454905,23,3250845,14,8192
23,7454906,23,3250825,14,8195
23,7454906,23,3250827,14,8193
23,7454906,23,3250827,14,8194
23,7454908,23,3250815,14,8190
23,7454908,23,3250816,14,8190
23,7454908,23,3250825,14,8193
23,7454910,23,3250829,14,8192
23,7454912,23,3250819,14,8192
23,7454913,23,3250823,14,8192
23,7454893,23,3250833,15,16379
23,7454893,23,3250834,15,16379
23,7454893,23,3250836,15,16380
23,7454893,23,3250837,15,16386
23,7454893,23,3250838,15,16381
23,7454894,23,3250829,15,16379
23,7454894,23,3250829,15,16382
23,7454894,23,3250830,15,16379
23,7454894,23,3250830,15,16382
23,7454894,23,3250834,15,16379
23,7454894,23,3250837,15,16381
23,7454894,23,3250837,15,16382
23,7454894,23,3250837,15,16388
23,7454894,23,3250842,15,16382
23,7454894,23,3250843,15,16390
23,7454896,23,3250822,15,16385
23,7454896,23,3250832,15,16381
23,7454896,23,3250832,15,16382
23,7454896,23,3250839,15,16389
23,7454896,23,3250841,15,16387
23,7454896,23,3250841,15,16388
23,7454896,23,3250842,15,16382
23,7454897,23,3250820,15,16379
23,7454897,23,3250836,15,16381
23,7454897,23,3250836,15,16382
23,7454898,23,3250813,15,16379
23,7454898,23,3250816,15,16379
23,7454898,23,3250820,15,16379
23,7454898,23,3250823,15,16384
23,7454898,23,3250825,15,16382
23,7454898,23,3250825,15,16384
23,7454898,23,3250827,15,16382
23,7454898,23,3250830,15,16379
23,7454898,23,3250834,15,16380
23,7454898,23,3250836,15,16382
23,7454898,23,3250841,15,16381
23,7454898,23,3250842,15,16381
23,7454898,23,3250845,15,16385
23,7454898,23,3250845,15,16386
23,7454900,23,3250829,15,16379
23,7454900,23,3250834,15,16380
23,7454900,23,3250843,15,16382
23,7454901,23,3250819,15,16382
23,7454901,23,3250820,15,16384
23,7454901,23,3250822,15,16384
23,7454901,23,3250823,15,16388
23,7454901,23,3250824,15,16386
23,7454901,23,3250824,15,16392
23,7454901,23,3250828,15,16382
23,7454901,23,3250838,15,16381
23,7454902,23,3250833,15,16387
23,7454902,23,3250834,15,16390
23,7454902,23,3250836,15,16381
23,7454903,23,3250820,15,16398
23,7454903,23,3250830,15,16387
23,7454903,23,3250830,15,16388
23,7454903,23,3250830,15,16390
23,7454905,23,3250816,15,16379
23,7454905,23,3250816,15,16382
23,7454905,23,3250816,15,16384
23,7454905,23,3250818,15,16380
23,7454905,23,3250819,15,16382
23,7454905,23,3250820,15,16382
23,7454905,23,3250824,15,16391
23,7454905,23,3250824,15,16398
23,7454905,23,3250827,15,16382
23,7454905,23,3250827,15,16390
23,7454905,23,3250828,15,16386
23,7454905,23,3250830,15,16382
23,7454905,23,3250834,15,16382
23,7454905,23,3250841,15,16382
23,7454905,23,3250845,15,16382
23,7454905,23,3250845,15,16386
23,7454905,23,3250846,15,16389
23,7454906,23,3250822,15,16401
23,7454906,23,3250823,15,16395
23,7454906,23,3250824,15,16393
23,7454906,23,3250824,15,16394
23,7454906,23,3250825,15,16389
23,7454906,23,3250827,15,16390
23,7454906,23,3250828,15,16387
23,7454906,23,3250829,15,16384
23,7454906,23,3250846,15,16387
23,7454908,23,3250815,15,16382
23,7454908,23,3250816,15,16382
23,7454908,23,3250816,15,16384
23,7454908,23,3250818,15,16380
23,7454908,23,3250820,15,16382
23,7454908,23,3250820,15,16388
23,7454908,23,3250822,15,16386
23,7454908,23,3250827,15,16382
23,7454908,23,3250830,15,16382
23,7454908,23,3250834,15,16382
23,7454908,23,3250841,15,16382
23,7454908,23,3250845,15,16382
23,7454910,23,3250841,15,16382
23,7454910,23,3250842,15,16382
23,7454912,23,3250834,15,16382
23,7454913,23,3250823,15,16386
23,7454915,23,3250815,15,16380
23,7454915,23,3250818,15,16381
23,7454915,23,3250819,15,16382
23,7454915,23,3250820,15,16382
23,7454915,23,3250822,15,16382
23,7454916,23,3250816,15,16381
23,7454905,24,6501642,11,1024
23,7454893,24,6501683,13,4096
23,7454894,24,6501676,13,4096
23,7454894,24,6501688,13,4097
23,7454894,24,6501690,13,4097
23,7454894,24,6501690,13,4098
23,7454896,24,6501681,13,4096
23,7454897,24,6501635,13,4096
23,7454897,24,6501670,13,4096
23,7454898,24,6501674,13,4096
23,7454898,24,6501688,13,4096
23,7454901,24,6501670,13,4096
23,7454903,24,6501646,13,4101
23,7454905,24,6501642,13,4100
23,7454905,24,6501650,13,4098
23,7454905,24,6501653,13,4096
23,7454905,24,6501663,13,4096
23,7454906,24,6501642,13,4099
23,7454906,24,6501646,13,4099
23,7454907,24,6501696,13,4096
23,7454908,24,6501642,13,4096
23,7454894,24,6501657,14,8190
23,7454894,24,6501661,14,8192
23,7454894,24,6501663,14,8190
23,7454894,24,6501663,14,8192
23,7454894,24,6501688,14,8193
23,7454894,24,6501688,14,8196
23,7454894,24,6501690,14,8193
23,7454896,24,6501642,14,8190
23,7454896,24,6501681,14,8194
23,7454896,24,6501682,14,8192
23,7454897,24,6501633,14,8190
23,7454897,24,6501635,14,8190
23,7454897,24,6501636,14,8190
23,7454897,24,6501690,14,8192
23,7454898,24,6501653,14,8190
23,7454901,24,6501624,14,8192
23,7454901,24,6501642,14,8192
23,7454901,24,6501653,14,8195
23,7454901,24,6501670,14,8194
23,7454902,24,6501665,14,8194
23,7454902,24,6501670,14,8192
23,7454903,24,6501642,14,8201
23,7454903,24,6501642,14,8202
23,7454903,24,6501646,14,8201
23,7454903,24,6501646,14,8204
23,7454903,24,6501649,14,8198
23,7454903,24,6501650,14,8198
23,7454903,24,6501655,14,8194
23,7454903,24,6501659,14,8192
23,7454903,24,6501660,14,8192
23,7454905,24,6501626,14,8190
23,7454905,24,6501631,14,8190
23,7454905,24,6501631,14,8192
23,7454905,24,6501632,14,8193
23,7454905,24,6501638,14,8190
23,7454905,24,6501639,14,8193
23,7454905,24,6501639,14,8194
23,7454905,24,6501639,14,8197
23,7454905,24,6501639,14,8198
23,7454905,24,6501641,14,8199
23,7454905,24,6501641,14,8200
23,7454905,24,6501642,14,8202
23,7454905,24,6501648,14,8200
23,7454905,24,6501653,14,8194
23,7454905,24,6501658,14,8192
23,7454906,24,6501641,14,8198
23,7454906,24,6501642,14,8200
23,7454906,24,6501649,14,8195
23,7454906,24,6501653,14,8194
23,7454906,24,6501692,14,8192
23,7454908,24,6501631,14,8192
23,7454908,24,6501638,14,8190
23,7454908,24,6501653,14,8192
23,7454910,24,6501639,14,8194
23,7454910,24,6501640,14,8194
23,7454912,24,6501631,14,8192
23,7454912,24,6501632,14,8192
23,7454912,24,6501663,14,8192
23,7454891,24,6501687,15,16384
23,7454891,24,6501687,15,16386
23,7454892,24,6501687,15,16395
23,7454892,24,6501688,15,16395
23,7454892,24,6501688,15,16396
23,7454893,24,6501675,15,16387
23,7454893,24,6501675,15,16388
23,7454893,24,6501676,15,16387
23,7454893,24,6501676,15,16388
23,7454893,24,6501678,15,16381
23,7454893,24,6501683,15,16388
23,7454893,24,6501684,15,16381
23,7454893,24,6501685,15,16382
23,7454894,24,6501657,15,16379
23,7454894,24,6501657,15,16382
23,7454894,24,6501657,15,16384
23,7454894,24,6501658,15,16384
23,7454894,24,6501663,15,16379
23,7454894,24,6501663,15,16382
23,7454894,24,6501670,15,16379
23,7454894,24,6501676,15,16381
23,7454894,24,6501676,15,16382
23,7454894,24,6501676,15,16388
23,7454894,24,6501681,15,16380
23,7454894,24,6501682,15,16380
23,7454894,24,6501683,15,16381
23,7454894,24,6501684,15,16381
23,7454894,24,6501685,15,16390
23,7454894,24,6501686,15,16382
23,7454894,24,6501687,15,16391
23,7454894,24,6501688,15,16394
23,7454896,24,6501642,15,16382
23,7454896,24,6501682,15,16386
23,7454896,24,6501691,15,16387
23,7454896,24,6501691,15,16388
23,7454897,24,6501633,15,16379
23,7454897,24,6501633,15,16382
23,7454897,24,6501635,15,16379
23,7454897,24,6501635,15,16382
23,7454897,24,6501635,15,16388
23,7454897,24,6501636,15,16382
23,7454897,24,6501636,15,16384
23,7454897,24,6501670,15,16388
23,7454897,24,6501672,15,16390
23,7454897,24,6501674,15,16388
23,7454898,24,6501624,15,16379
23,7454898,24,6501635,15,16379
23,7454898,24,6501642,15,16379
23,7454898,24,6501645,15,16384
23,7454898,24,6501649,15,16382
23,7454898,24,6501649,15,16384
23,7454898,24,6501651,15,16385
23,7454898,24,6501653,15,16382
23,7454898,24,6501653,15,16384
23,7454898,24,6501654,15,16384
23,7454898,24,6501663,15,16380
23,7454898,24,6501670,15,16380
23,7454898,24,6501674,15,16382
23,7454898,24,6501674,15,16388
23,7454898,24,6501676,15,16381
23,7454898,24,6501679,15,16381
23,7454898,24,6501681,15,16381
23,7454898,24,6501686,15,16381
23,7454898,24,6501688,15,16382
23,7454898,24,6501690,15,16382
23,7454898,24,6501690,15,16384
23,7454898,24,6501692,15,16387
23,7454898,24,6501692,15,16388
23,7454900,24,6501637,15,16379
23,7454900,24,6501639,15,16380
23,7454900,24,6501640,15,16381
23,7454900,24,6501657,15,16379
23,7454900,24,6501657,15,16380
23,7454900,24,6501660,15,16379
23,7454900,24,6501667,15,16380
23,7454900,24,6501670,15,16380
23,7454900,24,6501676,15,16380
23,7454900,24,6501685,15,16382
23,7454900,24,6501685,15,16386
23,7454900,24,6501693,15,16396
23,7454901,24,6501623,15,16385
23,7454901,24,6501638,15,16381
23,7454901,24,6501639,15,16384
23,7454901,24,6501640,15,16382
23,7454901,24,6501641,15,16385
23,7454901,24,6501642,15,16386
23,7454901,24,6501644,15,16382
23,7454901,24,6501645,15,16388
23,7454901,24,6501646,15,16384
23,7454901,24,6501647,15,16389
23,7454901,24,6501647,15,16394
23,7454901,24,6501648,15,16385
23,7454901,24,6501648,15,16393
23,7454901,24,6501648,15,16394
23,7454901,24,6501653,15,16389
23,7454901,24,6501655,15,16386
23,7454901,24,6501656,15,16386
23,7454901,24,6501658,15,16380
23,7454901,24,6501670,15,16382
23,7454901,24,6501672,15,16390
23,7454901,24,6501675,15,16389
23,7454901,24,6501675,15,16390
23,7454901,24,6501678,15,16381
23,7454902,24,6501635,15,16381
23,7454902,24,6501635,15,16382
23,7454902,24,6501666,15,16391
23,7454902,24,6501667,15,16386
23,7454902,24,6501670,15,16389
23,7454902,24,6501692,15,16391
23,7454903,24,6501639,15,16395
23,7454903,24,6501639,15,16396
23,7454903,24,6501640,15,16395
23,7454903,24,6501641,15,16399
23,7454903,24,6501641,15,16401
23,7454903,24,6501641,15,16402
23,7454903,24,6501642,15,16401
23,7454903,24,6501650,15,16392
23,7454903,24,6501653,15,16392
23,7454903,24,6501655,15,16390
23,7454903,24,6501658,15,16391
23,7454903,24,6501659,15,16382
23,7454903,24,6501659,15,16386
23,7454903,24,6501660,15,16382
23,7454903,24,6501660,15,16386
23,7454903,24,6501660,15,16389
23,7454903,24,6501687,15,16382
23,7454903,24,6501694,15,16382
23,7454905,24,6501626,15,16382
23,7454905,24,6501626,15,16384
23,7454905,24,6501627,15,16379
23,7454905,24,6501631,15,16382
23,7454905,24,6501631,15,16386
23,7454905,24,6501632,15,16385
23,7454905,24,6501635,15,16379
23,7454905,24,6501636,15,16379
23,7454905,24,6501637,15,16381
23,7454905,24,6501637,15,16382
23,7454905,24,6501639,15,16390
23,7454905,24,6501642,15,16382
23,7454905,24,6501648,15,16399
23,7454905,24,6501648,15,16402
23,7454905,24,6501650,15,16391
23,7454905,24,6501653,15,16382
23,7454905,24,6501653,15,16390
23,7454905,24,6501655,15,16391
23,7454905,24,6501656,15,16387
23,7454905,24,6501663,15,16382
23,7454905,24,6501670,15,16382
23,7454905,24,6501681,15,16382
23,7454905,24,6501688,15,16382
23,7454905,24,6501693,15,16390
23,7454906,24,6501641,15,16395
23,7454906,24,6501641,15,16398
23,7454906,24,6501642,15,16395
23,7454906,24,6501644,15,16395
23,7454906,24,6501647,15,16394
23,7454906,24,6501648,15,16395
23,7454906,24,6501649,15,16389
23,7454906,24,6501650,15,16388
23,7454906,24,6501650,15,16393
23,7454906,24,6501650,15,16394
23,7454906,24,6501653,15,16390
23,7454906,24,6501655,15,16391
23,7454906,24,6501656,15,16388
23,7454906,24,6501657,15,16384
23,7454906,24,6501692,15,16386
23,7454908,24,6501627,15,16379
23,7454908,24,6501627,15,16380
23,7454908,24,6501628,15,16379
23,7454908,24,6501635,15,16380
23,7454908,24,6501639,15,16382
23,7454908,24,6501639,15,16384
23,7454908,24,6501641,15,16389
23,7454908,24,6501642,15,16382
23,7454908,24,6501642,15,16388
23,7454908,24,6501649,15,16386
23,7454908,24,6501653,15,16382
23,7454908,24,6501663,15,16382
23,7454908,24,6501670,15,16382
23,7454908,24,6501681,15,16382
23,7454908,24,6501688,15,16382
23,7454910,24,6501633,15,16390
23,7454910,24,6501639,15,16387
23,7454910,24,6501640,15,16387
23,7454910,24,6501679,15,16382
23,7454910,24,6501681,15,16382
23,7454910,24,6501686,15,16382
23,7454911,24,6501642,15,16385
23,7454911,24,6501642,15,16386
23,7454912,24,6501631,15,16381
23,7454912,24,6501631,15,16382
23,7454912,24,6501631,15,16386
23,7454912,24,6501663,15,16382
23,7454912,24,6501663,15,16386
23,7454913,24,6501630,15,16381
23,7454913,24,6501630,15,16382
23,7454913,24,6501630,15,16384
23,7454913,24,6501635,15,16385
23,7454913,24,6501647,15,16387
23,7454915,24,6501633,15,16381
23,7454915,24,6501635,15,16381
23,7454915,24,6501637,15,16382
23,7454915,24,6501642,15,16382
23,7454916,24,6501631,15,16380
23,7454916,24,6501635,15,16381
23,7454916,24,6501636,15,16381
23,7454905,25,13003286,11,1024
23,7454905,25,13003286,12,2050
23,7454894,25,13003367,13,4096
23,7454894,25,13003379,13,4097
23,7454896,25,13003361,13,4096
23,7454896,25,13003379,13,4097
23,7454897,25,13003343,13,4096
23,7454898,25,13003341,13,4096
23,7454898,25,13003343,13,4096
23,7454898,25,13003379,13,4096
23,7454901,25,13003304,13,4097
23,7454901,25,13003351,13,4096
23,7454903,25,13003284,13,4099
23,7454905,25,13003304,13,4096
23,7454905,25,13003332,13,4096
23,7454906,25,13003286,13,4099
23,7454908,25,13003286,13,4096
23,7454908,25,13003304,13,4096
23,7454910,25,13003334,13,4096
23,7454911,25,13003268,13,4096
23,7454911,25,13003323,13,4096
23,7454911,25,13003325,13,4096
23,7454911,25,13003326,13,4096
23,7454891,25,13003376,14,8192
23,7454892,25,13003375,14,8198
23,7454893,25,13003347,14,8192
23,7454893,25,13003348,14,8190
23,7454893,25,13003348,14,8192
23,7454893,25,13003351,14,8192
23,7454893,25,13003361,14,8192
23,7454893,25,13003368,14,8192
23,7454893,25,13003368,14,8194
23,7454893,25,13003379,14,8193
23,7454893,25,13003379,14,8194
23,7454893,25,13003380,14,8193
23,7454893,25,13003380,14,8194
23,7454894,25,13003325,14,8190
23,7454894,25,13003325,14,8192
23,7454894,25,13003347,14,8192
23,7454894,25,13003354,14,8192
23,7454894,25,13003375,14,8196
23,7454894,25,13003376,14,8192
23,7454894,25,13003379,14,8193
23,7454894,25,13003379,14,8196
23,7454896,25,13003285,14,8192
23,7454896,25,13003286,14,8190
23,7454896,25,13003286,14,8192
23,7454896,25,13003288,14,8190
23,7454896,25,13003293,14,8190
23,7454896,25,13003294,14,8190
23,7454896,25,13003327,14,8192
23,7454896,25,13003332,14,8192
23,7454896,25,13003361,14,8194
23,7454896,25,13003366,14,8192
23,7454896,25,13003379,14,8193
23,7454896,25,13003380,14,8195
23,7454897,25,13003268,14,8190
23,7454897,25,13003268,14,8192
23,7454897,25,13003343,14,8194
23,7454898,25,13003304,14,8190
23,7454898,25,13003343,14,8190
23,7454898,25,13003343,14,8194
23,7454898,25,13003361,14,8190
23,7454900,25,13003343,14,8190
23,7454900,25,13003371,14,8192
23,7454900,25,13003376,14,8193
23,7454901,25,13003250,14,8190
23,7454901,25,13003286,14,8192
23,7454901,25,13003308,14,8195
23,7454901,25,13003311,14,8192
23,7454901,25,13003349,14,8195
23,7454901,25,13003387,14,8194
23,7454902,25,13003268,14,8190
23,7454902,25,13003340,14,8193
23,7454902,25,13003386,14,8196
23,7454902,25,13003388,14,8193
23,7454903,25,13003277,14,8195
23,7454903,25,13003277,14,8196
23,7454903,25,13003278,14,8195
23,7454903,25,13003281,14,8200
23,7454903,25,13003286,14,8201
23,7454903,25,13003286,14,8202
23,7454903,25,13003294,14,8201
23,7454903,25,13003294,14,8202
23,7454903,25,13003296,14,8200
23,7454903,25,13003300,14,8197
23,7454903,25,13003317,14,8192
23,7454905,25,13003261,14,8190
23,7454905,25,13003261,14,8192
23,7454905,25,13003277,14,8193
23,7454905,25,13003279,14,8196
23,7454905,25,13003286,14,8204
23,7454905,25,13003288,14,8203
23,7454905,25,13003298,14,8200
23,7454905,25,13003300,14,8198
23,7454905,25,13003302,14,8196
23,7454905,25,13003304,14,8194
23,7454905,25,13003312,14,8194
23,7454905,25,13003321,14,8192
23,7454906,25,13003252,14,8190
23,7454906,25,13003252,14,8192
23,7454906,25,13003279,14,8194
23,7454906,25,13003280,14,8196
23,7454906,25,13003283,14,8200
23,7454906,25,13003286,14,8197
23,7454906,25,13003286,14,8200
23,7454906,25,13003297,14,8195
23,7454906,25,13003304,14,8194
23,7454906,25,13003307,14,8193
23,7454906,25,13003312,14,8195
23,7454906,25,13003386,14,8192
23,7454907,25,13003255,14,8190
23,7454907,25,13003256,14,8190
23,7454907,25,13003393,14,8194
23,7454908,25,13003261,14,8192
23,7454908,25,13003306,14,8193
23,7454908,25,13003337,14,8192
23,7454910,25,13003277,14,8193
23,7454910,25,13003277,14,8194
23,7454910,25,13003282,14,8193
23,7454911,25,13003270,14,8192
23,7454891,25,13003368,15,16384
23,7454891,25,13003371,15,16394
23,7454891,25,13003373,15,16384
23,7454891,25,13003376,15,16386
23,7454891,25,13003377,15,16387
23,7454892,25,13003362,15,16381
23,7454892,25,13003373,15,16395
23,7454892,25,13003376,15,16397
23,7454892,25,13003379,15,16395
23,7454893,25,13003331,15,16379
23,7454893,25,13003340,15,16379
23,7454893,25,13003343,15,16380
23,7454893,25,13003347,15,16381
23,7454893,25,13003347,15,16382
23,7454893,25,13003348,15,16382
23,7454893,25,13003351,15,16381
23,7454893,25,13003351,15,16382
23,7454893,25,13003353,15,16389
23,7454893,25,13003354,15,16387
23,7454893,25,13003361,15,16382
23,7454893,25,13003366,15,16380
23,7454893,25,13003366,15,16382
23,7454893,25,13003367,15,16389
23,7454893,25,13003368,15,16387
23,7454893,25,13003368,15,16390
23,7454893,25,13003369,15,16382
23,7454893,25,13003369,15,16392
23,7454893,25,13003370,15,16381
23,7454893,25,13003370,15,16392
23,7454893,25,13003371,15,16384
23,7454893,25,13003371,15,16394
23,7454893,25,13003372,15,16382
23,7454893,25,13003372,15,16384
23,7454893,25,13003380,15,16393
23,7454894,25,13003317,15,16385
23,7454894,25,13003321,15,16384
23,7454894,25,13003325,15,16379
23,7454894,25,13003325,15,16382
23,7454894,25,13003343,15,16380
23,7454894,25,13003347,15,16381
23,7454894,25,13003347,15,16382
23,7454894,25,13003353,15,16389
23,7454894,25,13003354,15,16381
23,7454894,25,13003354,15,16382
23,7454894,25,13003354,15,16386
23,7454894,25,13003361,15,16380
23,7454894,25,13003367,15,16382
23,7454894,25,13003367,15,16388
23,7454894,25,13003369,15,16390
23,7454894,25,13003370,15,16381
23,7454894,25,13003375,15,16394
23,7454894,25,13003379,15,16394
23,7454896,25,13003286,15,16382
23,7454896,25,13003288,15,16382
23,7454896,25,13003288,15,16384
23,7454896,25,13003293,15,16382
23,7454896,25,13003293,15,16384
23,7454896,25,13003327,15,16379
23,7454896,25,13003327,15,16381
23,7454896,25,13003327,15,16382
23,7454896,25,13003332,15,16381
23,7454896,25,13003332,15,16382
23,7454896,25,13003339,15,16379
23,7454896,25,13003339,15,16381
23,7454896,25,13003339,15,16382
23,7454896,25,13003361,15,16382
23,7454896,25,13003366,15,16386
23,7454896,25,13003367,15,16382
23,7454896,25,13003368,15,16388
23,7454896,25,13003379,15,16385
23,7454896,25,13003381,15,16387
23,7454896,25,13003381,15,16388
23,7454897,25,13003265,15,16379
23,7454897,25,13003267,15,16384
23,7454897,25,13003268,15,16379
23,7454897,25,13003268,15,16382
23,7454897,25,13003336,15,16381
23,7454897,25,13003336,15,16382
23,7454897,25,13003336,15,16384
23,7454897,25,13003341,15,16389
23,7454897,25,13003343,15,16382
23,7454897,25,13003343,15,16390
23,7454897,25,13003346,15,16390
23,7454897,25,13003348,15,16389
23,7454897,25,13003350,15,16388
23,7454897,25,13003371,15,16381
23,7454897,25,13003379,15,16382
23,7454897,25,13003380,15,16382
23,7454897,25,13003382,15,16385
23,7454897,25,13003383,15,16386
23,7454897,25,13003384,15,16387
23,7454897,25,13003384,15,16388
23,7454898,25,13003250,15,16379
23,7454898,25,13003268,15,16379
23,7454898,25,13003286,15,16379
23,7454898,25,13003289,15,16384
23,7454898,25,13003290,15,16385
23,7454898,25,13003297,15,16382
23,7454898,25,13003297,15,16384
23,7454898,25,13003304,15,16379
23,7454898,25,13003304,15,16382
23,7454898,25,13003304,15,16384
23,7454898,25,13003306,15,16379
23,7454898,25,13003309,15,16385
23,7454898,25,13003310,15,16384
23,7454898,25,13003311,15,16379
23,7454898,25,13003325,15,16379
23,7454898,25,13003341,15,16381
23,7454898,25,13003341,15,16382
23,7454898,25,13003341,15,16388
23,7454898,25,13003343,15,16382
23,7454898,25,13003345,15,16390
23,7454898,25,13003346,15,16390
23,7454898,25,13003348,15,16389
23,7454898,25,13003354,15,16381
23,7454898,25,13003362,15,16380
23,7454898,25,13003374,15,16381
23,7454898,25,13003377,15,16388
23,7454898,25,13003379,15,16382
23,7454898,25,13003379,15,16388
23,7454898,25,13003380,15,16387
23,7454898,25,13003380,15,16388
23,7454898,25,13003382,15,16382
23,7454898,25,13003382,15,16384
23,7454898,25,13003384,15,16386
23,7454900,25,13003267,15,16380
23,7454900,25,13003270,15,16384
23,7454900,25,13003276,15,16379
23,7454900,25,13003282,15,16381
23,7454900,25,13003312,15,16381
23,7454900,25,13003313,15,16380
23,7454900,25,13003333,15,16380
23,7454900,25,13003354,15,16380
23,7454900,25,13003371,15,16387
23,7454900,25,13003371,15,16388
23,7454900,25,13003372,15,16388
23,7454900,25,13003382,15,16391
23,7454900,25,13003382,15,16392
23,7454900,25,13003383,15,16393
23,7454900,25,13003383,15,16394
23,7454900,25,13003384,15,16394
23,7454900,25,13003385,15,16395
23,7454900,25,13003386,15,16395
23,7454901,25,13003249,15,16381
23,7454901,25,13003249,15,16382
23,7454901,25,13003268,15,16381
23,7454901,25,13003271,15,16384
23,7454901,25,13003278,15,16381
23,7454901,25,13003281,15,16385
23,7454901,25,13003282,15,16382
23,7454901,25,13003285,15,16382
23,7454901,25,13003286,15,16382
23,7454901,25,13003286,15,16386
23,7454901,25,13003290,15,16382
23,7454901,25,13003293,15,16389
23,7454901,25,13003294,15,16384
23,7454901,25,13003298,15,16393
23,7454901,25,13003298,15,16394
23,7454901,25,13003300,15,16386
23,7454901,25,13003306,15,16388
23,7454901,25,13003307,15,16392
23,7454901,25,13003308,15,16389
23,7454901,25,13003314,15,16386
23,7454901,25,13003318,15,16380
23,7454901,25,13003343,15,16389
23,7454901,25,13003350,15,16391
23,7454901,25,13003351,15,16381
23,7454901,25,13003351,15,16382
23,7454901,25,13003351,15,16388
23,7454901,25,13003358,15,16381
23,7454901,25,13003379,15,16389
23,7454901,25,13003385,15,16382
23,7454901,25,13003386,15,16384
23,7454901,25,13003387,15,16385
23,7454901,25,13003387,15,16387
23,7454901,25,13003387,15,16390
23,7454901,25,13003387,15,16395
23,7454902,25,13003247,15,16385
23,7454902,25,13003249,15,16381
23,7454902,25,13003249,15,16382
23,7454902,25,13003249,15,16384
23,7454902,25,13003250,15,16379
23,7454902,25,13003267,15,16380
23,7454902,25,13003270,15,16380
23,7454902,25,13003271,15,16384
23,7454902,25,13003272,15,16384
23,7454902,25,13003273,15,16385
23,7454902,25,13003274,15,16386
23,7454902,25,13003275,15,16387
23,7454902,25,13003275,15,16388
23,7454902,25,13003276,15,16389
23,7454902,25,13003327,15,16390
23,7454902,25,13003333,15,16386
23,7454902,25,13003334,15,16391
23,7454902,25,13003335,15,16385
23,7454902,25,13003340,15,16388
23,7454902,25,13003340,15,16390
23,7454902,25,13003343,15,16384
23,7454902,25,13003343,15,16389
23,7454902,25,13003344,15,16384
23,7454902,25,13003344,15,16389
23,7454902,25,13003348,15,16381
23,7454902,25,13003377,15,16387
23,7454902,25,13003379,15,16381
23,7454902,25,13003379,15,16389
23,7454902,25,13003380,15,16390
23,7454902,25,13003381,15,16381
23,7454902,25,13003386,15,16391
23,7454902,25,13003388,15,16385
23,7454902,25,13003388,15,16388
23,7454903,25,13003252,15,16380
23,7454903,25,13003265,15,16381
23,7454903,25,13003265,15,16382
23,7454903,25,13003265,15,16384
23,7454903,25,13003266,15,16381
23,7454903,25,13003266,15,16382
23,7454903,25,13003266,15,16384
23,7454903,25,13003277,15,16395
23,7454903,25,13003278,15,16392
23,7454903,25,13003279,15,16397
23,7454903,25,13003279,15,16398
23,7454903,25,13003281,15,16399
23,7454903,25,13003281,15,16402
23,7454903,25,13003282,15,16395
23,7454903,25,13003282,15,16400
23,7454903,25,13003286,15,16401
23,7454903,25,13003296,15,16399
23,7454903,25,13003298,15,16398
23,7454903,25,13003299,15,16395
23,7454903,25,13003300,15,16393
23,7454903,25,13003309,15,16392
23,7454903,25,13003310,15,16391
23,7454903,25,13003310,15,16392
23,7454903,25,13003311,15,16387
23,7454903,25,13003315,15,16391
23,7454903,25,13003317,15,16382
23,7454903,25,13003317,15,16386
23,7454903,25,13003325,15,16388
23,7454903,25,13003373,15,16382
23,7454903,25,13003375,15,16384
23,7454905,25,13003250,15,16385
23,7454905,25,13003253,15,16379
23,7454905,25,13003261,15,16382
23,7454905,25,13003263,15,16387
23,7454905,25,13003268,15,16379
23,7454905,25,13003273,15,16381
23,7454905,25,13003275,15,16384
23,7454905,25,13003278,15,16381
23,7454905,25,13003279,15,16391
23,7454905,25,13003281,15,16398
23,7454905,25,13003283,15,16402
23,7454905,25,13003286,15,16382
23,7454905,25,13003288,15,16408
23,7454905,25,13003298,15,16399
23,7454905,25,13003300,15,16398
23,7454905,25,13003302,15,16391
23,7454905,25,13003302,15,16394
23,7454905,25,13003304,15,16382
23,7454905,25,13003304,15,16390
23,7454905,25,13003311,15,16392
23,7454905,25,13003312,15,16390
23,7454905,25,13003316,15,16386
23,7454905,25,13003321,15,16386
23,7454905,25,13003325,15,16382
23,7454905,25,13003327,15,16388
23,7454905,25,13003343,15,16382
23,7454905,25,13003361,15,16382
23,7454905,25,13003379,15,16382
23,7454905,25,13003388,15,16389
23,7454906,25,13003252,15,16382
23,7454906,25,13003261,15,16385
23,7454906,25,13003261,15,16386
23,7454906,25,13003262,15,16385
23,7454906,25,13003262,15,16386
23,7454906,25,13003273,15,16379
23,7454906,25,13003274,15,16381
23,7454906,25,13003275,15,16382
23,7454906,25,13003276,15,16384
23,7454906,25,13003277,15,16385
23,7454906,25,13003278,15,16387
23,7454906,25,13003279,15,16390
23,7454906,25,13003279,15,16394
23,7454906,25,13003280,15,16391
23,7454906,25,13003281,15,16395
23,7454906,25,13003283,15,16399
23,7454906,25,13003283,15,16402
23,7454906,25,13003284,15,16402
23,7454906,25,13003285,15,16394
23,7454906,25,13003288,15,16394
23,7454906,25,13003292,15,16401
23,7454906,25,13003292,15,16402
23,7454906,25,13003293,15,16394
23,7454906,25,13003295,15,16393
23,7454906,25,13003296,15,16400
23,7454906,25,13003302,15,16388
23,7454906,25,13003302,15,16393
23,7454906,25,13003302,15,16394
23,7454906,25,13003304,15,16390
23,7454906,25,13003311,15,16385
23,7454906,25,13003312,15,16389
23,7454906,25,13003313,15,16384
23,7454906,25,13003319,15,16387
23,7454906,25,13003386,15,16386
23,7454907,25,13003253,15,16386
23,7454907,25,13003254,15,16385
23,7454907,25,13003254,15,16386
23,7454907,25,13003255,15,16382
23,7454907,25,13003255,15,16384
23,7454907,25,13003256,15,16382
23,7454907,25,13003256,15,16384
23,7454907,25,13003266,15,16385
23,7454907,25,13003392,15,16382
23,7454908,25,13003256,15,16380
23,7454908,25,13003264,15,16385
23,7454908,25,13003265,15,16379
23,7454908,25,13003266,15,16379
23,7454908,25,13003268,15,16380
23,7454908,25,13003277,15,16382
23,7454908,25,13003278,15,16381
23,7454908,25,13003279,15,16385
23,7454908,25,13003279,15,16386
23,7454908,25,13003281,15,16389
23,7454908,25,13003281,15,16390
23,7454908,25,13003282,15,16390
23,7454908,25,13003286,15,16382
23,7454908,25,13003286,15,16388
23,7454908,25,13003288,15,16387
23,7454908,25,13003299,15,16387
23,7454908,25,13003303,15,16388
23,7454908,25,13003304,15,16382
23,7454908,25,13003325,15,16382
23,7454908,25,13003343,15,16382
23,7454908,25,13003361,15,16382
23,7454908,25,13003379,15,16382
23,7454908,25,13003392,15,16382
23,7454908,25,13003394,15,16388
23,7454910,25,13003255,15,16380
23,7454910,25,13003265,15,16390
23,7454910,25,13003277,15,16390
23,7454910,25,13003278,15,16390
23,7454910,25,13003281,15,16386
23,7454910,25,13003288,15,16384
23,7454910,25,13003317,15,16386
23,7454910,25,13003318,15,16386
23,7454910,25,13003357,15,16382
23,7454910,25,13003361,15,16382
23,7454910,25,13003374,15,16382
23,7454911,25,13003261,15,16387
23,7454911,25,13003262,15,16387
23,7454911,25,13003262,15,16388
23,7454911,25,13003268,15,16388
23,7454911,25,13003283,15,16385
23,7454911,25,13003286,15,16385
23,7454911,25,13003286,15,16386
23,7454912,25,13003257,15,16380
23,7454912,25,13003264,15,16381
23,7454912,25,13003264,15,16382
23,7454912,25,13003266,15,16385
23,7454912,25,13003273,15,16386
23,7454912,25,13003274,15,16386
23,7454912,25,13003323,15,16382
23,7454912,25,13003325,15,16382
23,7454912,25,13003326,15,16387
23,7454913,25,13003267,15,16385
23,7454913,25,13003268,15,16385
23,7454913,25,13003272,15,16385
23,7454913,25,13003293,15,16387
23,7454913,25,13003302,15,16384
23,7454915,25,13003264,15,16380
23,7454915,25,13003265,15,16381
23,7454915,25,13003268,15,16381
23,7454915,25,13003286,15,16382
23,7454915,25,13003292,15,16382
23,7454916,25,13003261,15,16380
23,7454916,25,13003263,15,16381
23,7454916,25,13003268,15,16381
23,7454916,25,13003274,15,16381
24,14909791,21,812709,15,16380
24,14909798,21,812709,15,16380
24,14909818,21,812709,15,16382
24,14909808,22,1625411,11,1024
24,14909808,22,1625412,12,2048
24,14909791,22,1625421,13,4096
24,14909792,22,1625421,13,4096
24,14909808,22,1625411,13,4100
24,14909791,22,1625412,14,8190
24,14909791,22,1625414,14,8190
24,14909791,22,1625421,14,8194
24,14909798,22,1625414,14,8190
24,14909803,22,1625411,14,8195
24,14909803,22,1625411,14,8196
24,14909808,22,1625411,14,8202
24,14909808,22,1625412,14,8196
24,14909791,22,1625412,15,16379
24,14909791,22,1625412,15,16382
24,14909791,22,1625412,15,16384
24,14909791,22,1625414,15,16379
24,14909791,22,1625414,15,16382
24,14909791,22,1625414,15,16384
24,14909791,22,1625416,15,16379
24,14909794,22,1625419,15,16382
24,14909794,22,1625419,15,16384
24,14909794,22,1625419,15,16388
24,14909797,22,1625411,15,16386
24,14909798,22,1625407,15,16379
24,14909798,22,1625409,15,16379
24,14909798,22,1625411,15,16379
24,14909798,22,1625412,15,16381
24,14909798,22,1625414,15,16379
24,14909798,22,1625416,15,16380
24,14909798,22,1625421,15,16381
24,14909801,22,1625412,15,16387
24,14909803,22,1625409,15,16385
24,14909804,22,1625418,15,16390
24,14909805,22,1625414,15,16387
24,14909808,22,1625407,15,16379
24,14909808,22,1625411,15,16382
24,14909808,22,1625412,15,16382
24,14909808,22,1625412,15,16394
24,14909808,22,1625414,15,16382
24,14909808,22,1625416,15,16382
24,14909808,22,1625416,15,16384
24,14909808,22,1625418,15,16382
24,14909818,22,1625407,15,16380
24,14909818,22,1625411,15,16382
24,14909818,22,1625411,15,16384
24,14909818,22,1625412,15,16382
24,14909818,22,1625412,15,16384
24,14909818,22,1625414,15,16382
24,14909818,22,1625416,15,16382
24,14909818,22,1625421,15,16382
24,14909818,22,1625423,15,16382
24,14909828,22,1625409,15,16382
24,14909828,22,1625411,15,16382
24,14909828,22,1625412,15,16382
24,14909808,23,3250820,12,2048
24,14909808,23,3250827,12,2048
24,14909783,23,3250843,13,4097
24,14909791,23,3250837,13,4096
24,14909791,23,3250841,13,4096
24,14909793,23,3250836,13,4096
24,14909798,23,3250836,13,4096
24,14909798,23,3250845,13,4096
24,14909803,23,3250834,13,4096
24,14909808,23,3250819,13,4096
24,14909808,23,3250820,13,4098
24,14909808,23,3250828,13,4096
24,14909808,23,3250845,13,4096
24,14909808,23,3250846,13,4096
24,14909816,23,3250847,13,4096
24,14909825,23,3250824,13,4096
24,14909783,23,3250842,14,8196
24,14909785,23,3250836,14,8190
24,14909785,23,3250838,14,8192
24,14909788,23,3250839,14,8192
24,14909789,23,3250827,14,8190
24,14909789,23,3250836,14,8193
24,14909791,23,3250827,14,8190
24,14909791,23,3250832,14,8190
24,14909792,23,3250824,14,8190
24,14909793,23,3250820,14,8190
24,14909794,23,3250838,14,8193
24,14909796,23,3250813,14,8190
24,14909798,23,3250820,14,8190
24,14909798,23,3250825,14,8192
24,14909798,23,3250836,14,8194
24,14909798,23,3250845,14,8194
24,14909800,23,3250832,14,8192
24,14909803,23,3250820,14,8193
24,14909803,23,3250833,14,8192
24,14909803,23,3250834,14,8194
24,14909804,23,3250836,14,8193
24,14909805,23,3250820,14,8198
24,14909805,23,3250829,14,8194
24,14909806,23,3250833,14,8194
24,14909807,23,3250822,14,8203
24,14909807,23,3250822,14,8204
24,14909808,23,3250818,14,8190
24,14909808,23,3250820,14,8198
24,14909808,23,3250822,14,8203
24,14909808,23,3250822,14,8204
24,14909808,23,3250824,14,8198
24,14909808,23,3250827,14,8196
24,14909808,23,3250828,14,8194
24,14909808,23,3250832,14,8193
24,14909808,23,3250845,14,8194
24,14909808,23,3250846,14,8194
24,14909812,23,3250824,14,8198
24,14909814,23,3250825,14,8195
24,14909814,23,3250827,14,8193
24,14909816,23,3250823,14,8193
24,14909818,23,3250816,14,8190
24,14909818,23,3250820,14,8192
24,14909826,23,3250824,14,8192
24,14909783,23,3250843,15,16387
24,14909785,23,3250836,15,16382
24,14909785,23,3250837,15,16386
24,14909785,23,3250838,15,16381
24,14909785,23,3250838,15,16382
24,14909785,23,3250838,15,16386
24,14909786,23,3250843,15,16395
24,14909788,23,3250839,15,16381
24,14909788,23,3250839,15,16382
24,14909788,23,3250839,15,16386
24,14909789,23,3250827,15,16382
24,14909789,23,3250827,15,16384
24,14909789,23,3250829,15,16386
24,14909789,23,3250830,15,16386
24,14909789,23,3250836,15,16388
24,14909791,23,3250823,15,16379
24,14909791,23,3250823,15,16385
24,14909791,23,3250824,15,16385
24,14909791,23,3250827,15,16379
24,14909791,23,3250827,15,16382
24,14909791,23,3250827,15,16384
24,14909791,23,3250829,15,16385
24,14909791,23,3250830,15,16379
24,14909791,23,3250832,15,16382
24,14909791,23,3250832,15,16384
24,14909791,23,3250837,15,16381
24,14909791,23,3250837,15,16382
24,14909791,23,3250841,15,16381
24,14909791,23,3250841,15,16382
24,14909791,23,3250841,15,16388
24,14909791,23,3250842,15,16382
24,14909791,23,3250843,15,16390
24,14909792,23,3250823,15,16385
24,14909792,23,3250824,15,16382
24,14909792,23,3250824,15,16384
24,14909792,23,3250841,15,16389
24,14909792,23,3250843,15,16388
24,14909793,23,3250819,15,16379
24,14909793,23,3250820,15,16379
24,14909793,23,3250820,15,16382
24,14909793,23,3250836,15,16381
24,14909793,23,3250836,15,16382
24,14909793,23,3250836,15,16388
24,14909793,23,3250837,15,16389
24,14909793,23,3250838,15,16389
24,14909794,23,3250832,15,16381
24,14909794,23,3250832,15,16382
24,14909794,23,3250832,15,16384
24,14909794,23,3250838,15,16385
24,14909795,23,3250815,15,16379
24,14909796,23,3250813,15,16382
24,14909797,23,3250811,15,16379
24,14909797,23,3250823,15,16385
24,14909798,23,3250811,15,16379
24,14909798,23,3250813,15,16379
24,14909798,23,3250816,15,16379
24,14909798,23,3250820,15,16379
24,14909798,23,3250824,15,16380
24,14909798,23,3250825,15,16382
24,14909798,23,3250827,15,16382
24,14909798,23,3250830,15,16379
24,14909798,23,3250834,15,16380
24,14909798,23,3250836,15,16381
24,14909798,23,3250836,15,16382
24,14909798,23,3250841,15,16381
24,14909798,23,3250845,15,16382
24,14909800,23,3250820,15,16379
24,14909800,23,3250820,15,16380
24,14909800,23,3250832,15,16381
24,14909800,23,3250832,15,16382
24,14909800,23,3250839,15,16380
24,14909801,23,3250822,15,16384
24,14909801,23,3250823,15,16385
24,14909801,23,3250823,15,16386
24,14909801,23,3250824,15,16386
24,14909801,23,3250825,15,16388
24,14909802,23,3250834,15,16380
24,14909802,23,3250846,15,16396
24,14909803,23,3250818,15,16384
24,14909803,23,3250822,15,16389
24,14909803,23,3250822,15,16394
24,14909803,23,3250823,15,16395
24,14909803,23,3250833,15,16382
24,14909803,23,3250833,15,16386
24,14909803,23,3250833,15,16389
24,14909803,23,3250834,15,16382
24,14909803,23,3250834,15,16390
24,14909803,23,3250836,15,16391
24,14909804,23,3250834,15,16391
24,14909804,23,3250836,15,16385
24,14909804,23,3250836,15,16388
24,14909804,23,3250837,15,16384
24,14909804,23,3250837,15,16389
24,14909805,23,3250820,15,16398
24,14909805,23,3250822,15,16402
24,14909805,23,3250830,15,16387
24,14909805,23,3250830,15,16388
24,14909805,23,3250830,15,16390
24,14909805,23,3250832,15,16391
24,14909806,23,3250830,15,16391
24,14909806,23,3250832,15,16390
24,14909806,23,3250833,15,16387
24,14909806,23,3250834,15,16384
24,14909808,23,3250816,15,16379
24,14909808,23,3250819,15,16382
24,14909808,23,3250820,15,16382
24,14909808,23,3250820,15,16398
24,14909808,23,3250822,15,16410
24,14909808,23,3250824,15,16395
24,14909808,23,3250824,15,16398
24,14909808,23,3250827,15,16382
24,14909808,23,3250828,15,16390
24,14909808,23,3250830,15,16382
24,14909808,23,3250832,15,16385
24,14909808,23,3250834,15,16382
24,14909808,23,3250838,15,16382
24,14909808,23,3250841,15,16381
24,14909808,23,3250842,15,16381
24,14909808,23,3250843,15,16382
24,14909808,23,3250845,15,16382
24,14909808,23,3250846,15,16382
24,14909808,23,3250846,15,16390
24,14909810,23,3250822,15,16409
24,14909810,23,3250845,15,16387
24,14909810,23,3250845,15,16388
24,14909812,23,3250822,15,16402
24,14909812,23,3250824,15,16398
24,14909814,23,3250813,15,16387
24,14909814,23,3250824,15,16392
24,14909814,23,3250825,15,16389
24,14909814,23,3250828,15,16385
24,14909816,23,3250822,15,16388
24,14909816,23,3250847,15,16388
24,14909818,23,3250818,15,16380
24,14909818,23,3250820,15,16382
24,14909818,23,3250820,15,16386
24,14909818,23,3250822,15,16385
24,14909818,23,3250825,15,16385
24,14909818,23,3250825,15,16386
24,14909818,23,3250827,15,16382
24,14909818,23,3250830,15,16382
24,14909818,23,3250834,15,16382
24,14909818,23,3250841,15,16382
24,14909818,23,3250845,15,16382
24,14909820,23,3250829,15,16387
24,14909820,23,3250845,15,16382
24,14909822,23,3250820,15,16387
24,14909824,23,3250819,15,16386
24,14909824,23,3250836,15,16382
24,14909826,23,3250815,15,16385
24,14909826,23,3250824,15,16386
24,14909826,23,3250832,15,16382
24,14909828,23,3250815,15,16380
24,14909828,23,3250818,15,16381
24,14909828,23,3250820,15,16382
24,14909828,23,3250827,15,16382
24,14909830,23,3250824,15,16382
24,14909832,23,3250819,15,16382
24,14909808,24,6501642,11,1024
24,14909808,24,6501653,12,2048
24,14909823,24,6501654,12,2048
24,14909783,24,6501685,13,4097
24,14909791,24,6501676,13,4096
24,14909791,24,6501681,13,4096
24,14909791,24,6501688,13,4097
24,14909791,24,6501690,13,4097
24,14909791,24,6501690,13,4098
24,14909792,24,6501688,13,4096
24,14909798,24,6501674,13,4096
24,14909798,24,6501688,13,4096
24,14909808,24,6501639,13,4097
24,14909808,24,6501639,13,4098
24,14909808,24,6501642,13,4100
24,14909808,24,6501646,13,4102
24,14909808,24,6501658,13,4096
24,14909808,24,6501661,13,4096
24,14909808,24,6501663,13,4096
24,14909810,24,6501661,13,4096
24,14909811,24,6501659,13,4096
24,14909812,24,6501647,13,4099
24,14909812,24,6501663,13,4096
24,14909816,24,6501696,13,4096
24,14909822,24,6501667,13,4096
24,14909825,24,6501650,13,4096
24,14909825,24,6501668,13,4096
24,14909826,24,6501650,13,4096
24,14909826,24,6501663,13,4096
24,14909828,24,6501635,13,4096
24,14909828,24,6501646,13,4096
24,14909830,24,6501635,13,4096
24,14909830,24,6501646,13,4096
24,14909783,24,6501685,14,8193
24,14909783,24,6501686,14,8196
24,14909783,24,6501688,14,8194
24,14909785,24,6501673,14,8192
24,14909788,24,6501686,14,8196
24,14909789,24,6501653,14,8190
24,14909789,24,6501653,14,8192
24,14909789,24,6501656,14,8190
24,14909789,24,6501659,14,8192
24,14909789,24,6501664,14,8192
24,14909789,24,6501672,14,8192
24,14909789,24,6501673,14,8195
24,14909791,24,6501647,14,8190
24,14909791,24,6501653,14,8190
24,14909791,24,6501661,14,8190
24,14909791,24,6501663,14,8190
24,14909791,24,6501663,14,8192
24,14909791,24,6501666,14,8190
24,14909791,24,6501688,14,8193
24,14909791,24,6501688,14,8196
24,14909791,24,6501690,14,8193
24,14909792,24,6501650,14,8190
24,14909792,24,6501690,14,8196
24,14909793,24,6501639,14,8190
24,14909793,24,6501639,14,8192
24,14909794,24,6501640,14,8190
24,14909794,24,6501678,14,8193
24,14909794,24,6501681,14,8192
24,14909795,24,6501653,14,8190
24,14909795,24,6501654,14,8190
24,14909796,24,6501628,14,8190
24,14909798,24,6501649,14,8192
24,14909798,24,6501653,14,8192
24,14909798,24,6501654,14,8192
24,14909798,24,6501687,14,8192
24,14909798,24,6501692,14,8193
24,14909798,24,6501692,14,8194
24,14909800,24,6501637,14,8192
24,14909800,24,6501663,14,8192
24,14909801,24,6501653,14,8195
24,14909803,24,6501642,14,8194
24,14909803,24,6501670,14,8195
24,14909804,24,6501674,14,8193
24,14909805,24,6501638,14,8195
24,14909805,24,6501638,14,8196
24,14909805,24,6501639,14,8198
24,14909805,24,6501657,14,8194
24,14909805,24,6501659,14,8192
24,14909805,24,6501660,14,8192
24,14909806,24,6501665,14,8194
24,14909806,24,6501693,14,8196
24,14909807,24,6501641,14,8202
24,14909807,24,6501642,14,8203
24,14909807,24,6501642,14,8204
24,14909807,24,6501650,14,8199
24,14909807,24,6501651,14,8196
24,14909808,24,6501631,14,8190
24,14909808,24,6501631,14,8192
24,14909808,24,6501632,14,8190
24,14909808,24,6501632,14,8192
24,14909808,24,6501638,14,8190
24,14909808,24,6501641,14,8200
24,14909808,24,6501642,14,8202
24,14909808,24,6501646,14,8203
24,14909808,24,6501648,14,8200
24,14909808,24,6501650,14,8198
24,14909808,24,6501653,14,8196
24,14909808,24,6501658,14,8194
24,14909810,24,6501639,14,8199
24,14909810,24,6501645,14,8203
24,14909810,24,6501646,14,8203
24,14909810,24,6501646,14,8204
24,14909812,24,6501650,14,8198
24,14909812,24,6501663,14,8194
24,14909814,24,6501627,14,8194
24,14909814,24,6501641,14,8198
24,14909814,24,6501649,14,8195
24,14909814,24,6501658,14,8192
24,14909816,24,6501627,14,8192
24,14909816,24,6501632,14,8193
24,14909816,24,6501642,14,8195
24,14909816,24,6501644,14,8195
24,14909816,24,6501644,14,8196
24,14909816,24,6501668,14,8193
24,14909816,24,6501669,14,8192
24,14909818,24,6501638,14,8190
24,14909818,24,6501642,14,8192
24,14909818,24,6501649,14,8193
24,14909818,24,6501650,14,8194
24,14909818,24,6501697,14,8193
24,14909824,24,6501632,14,8193
24,14909824,24,6501654,14,8194
24,14909826,24,6501632,14,8192
24,14909828,24,6501636,14,8192
24,14909782,24,6501683,15,16384
24,14909782,24,6501685,15,16395
24,14909782,24,6501685,15,16396
24,14909783,24,6501679,15,16381
24,14909783,24,6501681,15,16381
24,14909783,24,6501683,15,16382
24,14909783,24,6501686,15,16386
24,14909783,24,6501686,15,16394
24,14909783,24,6501688,15,16390
24,14909784,24,6501682,15,16381
24,14909785,24,6501670,15,16380
24,14909785,24,6501675,15,16387
24,14909785,24,6501678,15,16381
24,14909786,24,6501687,15,16396
24,14909787,24,6501661,15,16379
24,14909787,24,6501663,15,16379
24,14909787,24,6501663,15,16380
24,14909787,24,6501664,15,16379
24,14909787,24,6501674,15,16387
24,14909788,24,6501685,15,16391
24,14909788,24,6501685,15,16392
24,14909788,24,6501686,15,16391
24,14909789,24,6501653,15,16379
24,14909789,24,6501653,15,16382
24,14909789,24,6501656,15,16379
24,14909789,24,6501656,15,16382
24,14909789,24,6501656,15,16384
24,14909789,24,6501657,15,16385
24,14909789,24,6501660,15,16385
24,14909789,24,6501663,15,16386
24,14909789,24,6501672,15,16381
24,14909789,24,6501672,15,16382
24,14909789,24,6501673,15,16389
24,14909789,24,6501688,15,16395
24,14909789,24,6501690,15,16396
24,14909791,24,6501647,15,16382
24,14909791,24,6501647,15,16384
24,14909791,24,6501650,15,16385
24,14909791,24,6501653,15,16379
24,14909791,24,6501653,15,16382
24,14909791,24,6501653,15,16384
24,14909791,24,6501657,15,16385
24,14909791,24,6501661,15,16382
24,14909791,24,6501663,15,16379
24,14909791,24,6501663,15,16382
24,14909791,24,6501664,15,16385
24,14909791,24,6501664,15,16386
24,14909791,24,6501666,15,16382
24,14909791,24,6501666,15,16384
24,14909791,24,6501668,15,16379
24,14909791,24,6501669,15,16380
24,14909791,24,6501670,15,16380
24,14909791,24,6501676,15,16381
24,14909791,24,6501676,15,16382
24,14909791,24,6501676,15,16388
24,14909791,24,6501679,15,16381
24,14909791,24,6501681,15,16381
24,14909791,24,6501681,15,16382
24,14909791,24,6501681,15,16388
24,14909791,24,6501683,15,16389
24,14909791,24,6501684,15,16381
24,14909791,24,6501685,15,16390
24,14909791,24,6501686,15,16382
24,14909792,24,6501646,15,16386
24,14909792,24,6501647,15,16382
24,14909792,24,6501647,15,16384
24,14909792,24,6501650,15,16382
24,14909792,24,6501650,15,16384
24,14909792,24,6501664,15,16386
24,14909792,24,6501682,15,16390
24,14909792,24,6501684,15,16389
24,14909792,24,6501685,15,16388
24,14909792,24,6501688,15,16388
24,14909792,24,6501690,15,16394
24,14909793,24,6501639,15,16382
24,14909793,24,6501668,15,16381
24,14909793,24,6501668,15,16382
24,14909793,24,6501674,15,16388
24,14909793,24,6501677,15,16390
24,14909793,24,6501690,15,16385
24,14909794,24,6501636,15,16385
24,14909794,24,6501636,15,16386
24,14909794,24,6501675,15,16389
24,14909794,24,6501676,15,16389
24,14909794,24,6501678,15,16385
24,14909794,24,6501682,15,16384
24,14909794,24,6501691,15,16387
24,14909795,24,6501629,15,16379
24,14909795,24,6501653,15,16382
24,14909795,24,6501653,15,16384
24,14909795,24,6501654,15,16382
24,14909795,24,6501654,15,16384
24,14909796,24,6501628,15,16382
24,14909796,24,6501654,15,16379
24,14909797,24,6501644,15,16385
24,14909797,24,6501651,15,16386
24,14909797,24,6501653,15,16385
24,14909797,24,6501656,15,16380
24,14909797,24,6501688,15,16381
24,14909797,24,6501691,15,16387
24,14909797,24,6501691,15,16388
24,14909797,24,6501692,15,16389
24,14909798,24,6501624,15,16379
24,14909798,24,6501635,15,16379
24,14909798,24,6501640,15,16382
24,14909798,24,6501642,15,16379
24,14909798,24,6501648,15,16379
24,14909798,24,6501649,15,16382
24,14909798,24,6501653,15,16382
24,14909798,24,6501659,15,16382
24,14909798,24,6501663,15,16380
24,14909798,24,6501670,15,16380
24,14909798,24,6501673,15,16390
24,14909798,24,6501674,15,16381
24,14909798,24,6501674,15,16382
24,14909798,24,6501674,15,16388
24,14909798,24,6501681,15,16381
24,14909798,24,6501687,15,16382
24,14909798,24,6501687,15,16386
24,14909798,24,6501688,15,16381
24,14909798,24,6501688,15,16382
24,14909798,24,6501691,15,16390
24,14909798,24,6501692,15,16385
24,14909798,24,6501692,15,16390
24,14909800,24,6501623,15,16379
24,14909800,24,6501624,15,16379
24,14909800,24,6501639,15,16379
24,14909800,24,6501642,15,16380
24,14909800,24,6501645,15,16381
24,14909800,24,6501663,15,16381
24,14909800,24,6501663,15,16382
24,14909801,24,6501623,15,16385
24,14909801,24,6501624,15,16384
24,14909801,24,6501644,15,16382
24,14909801,24,6501645,15,16385
24,14909801,24,6501646,15,16384
24,14909801,24,6501648,15,16385
24,14909801,24,6501651,15,16389
24,14909801,24,6501653,15,16389
24,14909801,24,6501675,15,16389
24,14909801,24,6501675,15,16390
24,14909801,24,6501678,15,16381
24,14909802,24,6501635,15,16385
24,14909802,24,6501667,15,16380
24,14909802,24,6501692,15,16395
24,14909802,24,6501693,15,16397
24,14909803,24,6501633,15,16380
24,14909803,24,6501638,15,16384
24,14909803,24,6501639,15,16386
24,14909803,24,6501641,15,16388
24,14909803,24,6501642,15,16387
24,14909803,24,6501644,15,16388
24,14909803,24,6501646,15,16394
24,14909803,24,6501648,15,16395
24,14909803,24,6501667,15,16387
24,14909803,24,6501667,15,16388
24,14909803,24,6501673,15,16392
24,14909803,24,6501691,15,16381
24,14909804,24,6501659,15,16380
24,14909804,24,6501660,15,16380
24,14909804,24,6501661,15,16381
24,14909804,24,6501670,15,16391
24,14909804,24,6501673,15,16384
24,14909804,24,6501673,15,16389
24,14909804,24,6501674,15,16385
24,14909804,24,6501674,15,16388
24,14909804,24,6501675,15,16382
24,14909804,24,6501691,15,16381
24,14909804,24,6501692,15,16392
24,14909804,24,6501693,15,16394
24,14909805,24,6501632,15,16385
24,14909805,24,6501633,15,16381
24,14909805,24,6501633,15,16382
24,14909805,24,6501633,15,16384
24,14909805,24,6501639,15,16395
24,14909805,24,6501639,15,16398
24,14909805,24,6501640,15,16395
24,14909805,24,6501642,15,16401
24,14909805,24,6501646,15,16402
24,14909805,24,6501659,15,16382
24,14909805,24,6501659,15,16386
24,14909805,24,6501659,15,16390
24,14909805,24,6501660,15,16382
24,14909805,24,6501660,15,16386
24,14909805,24,6501660,15,16389
24,14909805,24,6501663,15,16391
24,14909805,24,6501694,15,16384
24,14909806,24,6501635,15,16381
24,14909806,24,6501635,15,16382
24,14909806,24,6501659,15,16391
24,14909806,24,6501663,15,16390
24,14909806,24,6501667,15,16386
24,14909806,24,6501673,15,16381
24,14909806,24,6501687,15,16385
24,14909806,24,6501693,15,16391
24,14909807,24,6501641,15,16403
24,14909807,24,6501649,15,16399
24,14909807,24,6501653,15,16393
24,14909807,24,6501654,15,16393
24,14909807,24,6501654,15,16394
24,14909807,24,6501656,15,16391
24,14909808,24,6501624,15,16385
24,14909808,24,6501626,15,16380
24,14909808,24,6501627,15,16379
24,14909808,24,6501631,15,16382
24,14909808,24,6501631,15,16386
24,14909808,24,6501632,15,16382
24,14909808,24,6501632,15,16386
24,14909808,24,6501635,15,16379
24,14909808,24,6501636,15,16379
24,14909808,24,6501637,15,16382
24,14909808,24,6501637,15,16384
24,14909808,24,6501639,15,16396
24,14909808,24,6501641,15,16399
24,14909808,24,6501641,15,16402
24,14909808,24,6501642,15,16382
24,14909808,24,6501645,15,16411
24,14909808,24,6501648,15,16399
24,14909808,24,6501650,15,16395
24,14909808,24,6501653,15,16382
24,14909808,24,6501653,15,16394
24,14909808,24,6501663,15,16382
24,14909808,24,6501664,15,16388
24,14909808,24,6501666,15,16385
24,14909808,24,6501670,15,16382
24,14909808,24,6501678,15,16382
24,14909808,24,6501679,15,16381
24,14909808,24,6501681,15,16381
24,14909808,24,6501685,15,16382
24,14909808,24,6501686,15,16381
24,14909808,24,6501688,15,16382
24,14909808,24,6501688,15,16384
24,14909808,24,6501691,15,16390
24,14909808,24,6501692,15,16391
24,14909808,24,6501694,15,16382
24,14909810,24,6501633,15,16385
24,14909810,24,6501633,15,16386
24,14909810,24,6501640,15,16399
24,14909810,24,6501644,15,16410
24,14909810,24,6501645,15,16408
24,14909810,24,6501654,15,16391
24,14909810,24,6501654,15,16392
24,14909810,24,6501664,15,16388
24,14909811,24,6501635,15,16380
24,14909811,24,6501659,15,16388
24,14909811,24,6501660,15,16387
24,14909812,24,6501647,15,16401
24,14909812,24,6501649,15,16395
24,14909812,24,6501650,15,16395
24,14909812,24,6501650,15,16398
24,14909812,24,6501658,15,16387
24,14909812,24,6501659,15,16388
24,14909812,24,6501660,15,16387
24,14909812,24,6501664,15,16384
24,14909812,24,6501694,15,16389
24,14909813,24,6501626,15,16386
24,14909813,24,6501653,15,16391
24,14909813,24,6501654,15,16391
24,14909813,24,6501672,15,16384
24,14909814,24,6501641,15,16395
24,14909814,24,6501641,15,16398
24,14909814,24,6501642,15,16395
24,14909814,24,6501644,15,16395
24,14909814,24,6501644,15,16400
24,14909814,24,6501649,15,16389
24,14909814,24,6501650,15,16388
24,14909814,24,6501650,15,16392
24,14909814,24,6501653,15,16388
24,14909814,24,6501656,15,16386
24,14909814,24,6501657,15,16384
24,14909815,24,6501635,15,16380
24,14909815,24,6501696,15,16390
24,14909816,24,6501627,15,16381
24,14909816,24,6501627,15,16382
24,14909816,24,6501629,15,16379
24,14909816,24,6501631,15,16386
24,14909816,24,6501641,15,16391
24,14909816,24,6501641,15,16392
24,14909816,24,6501642,15,16389
24,14909816,24,6501642,15,16392
24,14909816,24,6501644,15,16389
24,14909816,24,6501645,15,16387
24,14909816,24,6501645,15,16394
24,14909816,24,6501646,15,16388
24,14909816,24,6501648,15,16386
24,14909816,24,6501668,15,16388
24,14909816,24,6501694,15,16389
24,14909816,24,6501696,15,16388
24,14909817,24,6501629,15,16380
24,14909817,24,6501650,15,16388
24,14909817,24,6501697,15,16382
24,14909817,24,6501697,15,16384
24,14909818,24,6501627,15,16380
24,14909818,24,6501631,15,16381
24,14909818,24,6501631,15,16382
24,14909818,24,6501635,15,16380
24,14909818,24,6501639,15,16382
24,14909818,24,6501639,15,16384
24,14909818,24,6501640,15,16387
24,14909818,24,6501640,15,16388
24,14909818,24,6501642,15,16382
24,14909818,24,6501646,15,16385
24,14909818,24,6501649,15,16385
24,14909818,24,6501650,15,16387
24,14909818,24,6501653,15,16382
24,14909818,24,6501663,15,16382
24,14909818,24,6501670,15,16382
24,14909818,24,6501681,15,16382
24,14909818,24,6501688,15,16382
24,14909818,24,6501696,15,16382
24,14909818,24,6501697,15,16388
24,14909820,24,6501640,15,16390
24,14909820,24,6501688,15,16382
24,14909821,24,6501641,15,16388
24,14909821,24,6501642,15,16385
24,14909822,24,6501633,15,16390
24,14909822,24,6501640,15,16388
24,14909822,24,6501641,15,16386
24,14909822,24,6501642,15,16387
24,14909822,24,6501667,15,16388
24,14909822,24,6501679,15,16382
24,14909822,24,6501681,15,16382
24,14909822,24,6501682,15,16382
24,14909823,24,6501661,15,16388
24,14909824,24,6501631,15,16387
24,14909824,24,6501653,15,16387
24,14909824,24,6501654,15,16387
24,14909824,24,6501654,15,16390
24,14909824,24,6501670,15,16382
24,14909826,24,6501631,15,16381
24,14909826,24,6501631,15,16382
24,14909826,24,6501631,15,16384
24,14909826,24,6501631,15,16386
24,14909826,24,6501650,15,16388
24,14909826,24,6501663,15,16382
24,14909826,24,6501663,15,16388
24,14909828,24,6501632,15,16380
24,14909828,24,6501633,15,16381
24,14909828,24,6501633,15,16382
24,14909828,24,6501633,15,16384
24,14909828,24,6501635,15,16381
24,14909828,24,6501635,15,16382
24,14909828,24,6501635,15,16388
24,14909828,24,6501642,15,16382
24,14909828,24,6501651,15,16384
24,14909828,24,6501653,15,16382
24,14909828,24,6501656,15,16382
24,14909830,24,6501633,15,16382
24,14909830,24,6501635,15,16382
24,14909830,24,6501635,15,16388
24,14909830,24,6501636,15,16382
24,14909830,24,6501646,15,16388
24,14909830,24,6501647,15,16382
24,14909832,24,6501640,15,16382
24,14909834,24,6501632,15,16381
24,14909808,25,13003286,11,1024
24,14909808,25,13003286,12,2050
24,14909808,25,13003304,12,2048
24,14909823,25,13003310,12,2048
24,14909783,25,13003369,13,4097
24,14909786,25,13003365,13,4096
24,14909791,25,13003354,13,4096
24,14909791,25,13003361,13,4096
24,14909791,25,13003379,13,4097
24,14909791,25,13003379,13,4098
24,14909795,25,13003379,13,4096
24,14909796,25,13003340,13,4096
24,14909798,25,13003341,13,4096
24,14909798,25,13003343,13,4096
24,14909798,25,13003350,13,4096
24,14909798,25,13003379,13,4096
24,14909801,25,13003304,13,4097
24,14909801,25,13003351,13,4096
24,14909803,25,13003352,13,4096
24,14909805,25,13003284,13,4099
24,14909808,25,13003318,13,4096
24,14909808,25,13003325,13,4096
24,14909808,25,13003379,13,4096
24,14909810,25,13003325,13,4096
24,14909810,25,13003333,13,4096
24,14909810,25,13003334,13,4096
24,14909810,25,13003379,13,4096
24,14909812,25,13003325,13,4096
24,14909813,25,13003392,13,4096
24,14909814,25,13003304,13,4097
24,14909816,25,13003335,13,4096
24,14909821,25,13003335,13,4096
24,14909823,25,13003327,13,4096
24,14909824,25,13003310,13,4096
24,14909824,25,13003325,13,4096
24,14909825,25,13003295,13,4096
24,14909825,25,13003338,13,4096
24,14909826,25,13003328,13,4096
24,14909828,25,13003268,13,4096
24,14909828,25,13003294,13,4096
24,14909830,25,13003267,13,4096
24,14909830,25,13003268,13,4096
24,14909830,25,13003291,13,4096
24,14909830,25,13003294,13,4096
24,14909783,25,13003369,14,8193
24,14909785,25,13003343,14,8190
24,14909785,25,13003348,14,8190
24,14909785,25,13003348,14,8192
24,14909785,25,13003351,14,8192
24,14909785,25,13003379,14,8194
24,14909787,25,13003380,14,8195
24,14909788,25,13003355,14,8192
24,14909788,25,13003374,14,8196
24,14909789,25,13003328,14,8190
24,14909789,25,13003345,14,8195
24,14909789,25,13003346,14,8192
24,14909791,25,13003293,14,8190
24,14909791,25,13003304,14,8190
24,14909791,25,13003321,14,8190
24,14909791,25,13003325,14,8190
24,14909791,25,13003359,14,8192
24,14909791,25,13003361,14,8190
24,14909791,25,13003376,14,8192
24,14909791,25,13003377,14,8197
24,14909791,25,13003379,14,8193
24,14909792,25,13003284,14,8192
24,14909792,25,13003295,14,8190
24,14909792,25,13003326,14,8192
24,14909792,25,13003367,14,8192
24,14909792,25,13003377,14,8195
24,14909792,25,13003379,14,8196
24,14909792,25,13003381,14,8195
24,14909792,25,13003382,14,8195
24,14909792,25,13003382,14,8196
24,14909793,25,13003277,14,8190
24,14909793,25,13003277,14,8192
24,14909793,25,13003280,14,8192
24,14909794,25,13003274,14,8190
24,14909794,25,13003332,14,8192
24,14909795,25,13003257,14,8190
24,14909795,25,13003379,14,8194
24,14909796,25,13003249,14,8190
24,14909796,25,13003250,14,8190
24,14909796,25,13003286,14,8190
24,14909798,25,13003279,14,8190
24,14909798,25,13003284,14,8190
24,14909798,25,13003304,14,8192
24,14909798,25,13003311,14,8190
24,14909798,25,13003327,14,8192
24,14909798,25,13003328,14,8192
24,14909798,25,13003343,14,8190
24,14909798,25,13003343,14,8194
24,14909798,25,13003361,14,8190
24,14909798,25,13003386,14,8193
24,14909798,25,13003386,14,8194
24,14909800,25,13003325,14,8192
24,14909800,25,13003381,14,8195
24,14909801,25,13003249,14,8190
24,14909801,25,13003267,14,8192
24,14909801,25,13003268,14,8192
24,14909801,25,13003387,14,8194
24,14909802,25,13003268,14,8192
24,14909802,25,13003340,14,8190
24,14909802,25,13003375,14,8192
24,14909802,25,13003376,14,8193
24,14909803,25,13003286,14,8194
24,14909803,25,13003295,14,8198
24,14909803,25,13003296,14,8198
24,14909803,25,13003331,14,8192
24,14909803,25,13003343,14,8195
24,14909803,25,13003352,14,8194
24,14909803,25,13003388,14,8193
24,14909803,25,13003388,14,8197
24,14909804,25,13003341,14,8193
24,14909804,25,13003343,14,8193
24,14909804,25,13003343,14,8195
24,14909804,25,13003350,14,8193
24,14909804,25,13003377,14,8194
24,14909804,25,13003388,14,8197
24,14909805,25,13003252,14,8190
24,14909805,25,13003261,14,8190
24,14909805,25,13003278,14,8195
24,14909805,25,13003293,14,8202
24,14909805,25,13003294,14,8201
24,14909805,25,13003294,14,8202
24,14909805,25,13003296,14,8200
24,14909805,25,13003300,14,8196
24,14909805,25,13003317,14,8192
24,14909805,25,13003325,14,8195
24,14909805,25,13003387,14,8196
24,14909806,25,13003261,14,8190
24,14909806,25,13003267,14,8190
24,14909806,25,13003268,14,8190
24,14909806,25,13003280,14,8200
24,14909806,25,13003325,14,8195
24,14909806,25,13003389,14,8192
24,14909807,25,13003286,14,8203
24,14909807,25,13003286,14,8204
24,14909807,25,13003295,14,8202
24,14909807,25,13003297,14,8200
24,14909807,25,13003301,14,8197
24,14909807,25,13003304,14,8196
24,14909808,25,13003250,14,8192
24,14909808,25,13003261,14,8190
24,14909808,25,13003261,14,8192
24,14909808,25,13003266,14,8190
24,14909808,25,13003266,14,8192
24,14909808,25,13003277,14,8194
24,14909808,25,13003277,14,8197
24,14909808,25,13003281,14,8200
24,14909808,25,13003283,14,8202
24,14909808,25,13003285,14,8203
24,14909808,25,13003285,14,8204
24,14909808,25,13003286,14,8204
24,14909808,25,13003294,14,8203
24,14909808,25,13003302,14,8198
24,14909808,25,13003304,14,8196
24,14909808,25,13003318,14,8194
24,14909808,25,13003321,14,8192
24,14909810,25,13003277,14,8194
24,14909810,25,13003278,14,8196
24,14909810,25,13003285,14,8203
24,14909810,25,13003289,14,8203
24,14909810,25,13003294,14,8203
24,14909810,25,13003294,14,8204
24,14909810,25,13003296,14,8202
24,14909811,25,13003254,14,8190
24,14909811,25,13003268,14,8190
24,14909811,25,13003317,14,8193
24,14909811,25,13003320,14,8192
24,14909812,25,13003279,14,8196
24,14909812,25,13003281,14,8198
24,14909812,25,13003285,14,8201
24,14909812,25,13003285,14,8202
24,14909812,25,13003286,14,8201
24,14909812,25,13003286,14,8202
24,14909812,25,13003320,14,8192
24,14909812,25,13003325,14,8194
24,14909813,25,13003254,14,8193
24,14909813,25,13003313,14,8195
24,14909814,25,13003253,14,8194
24,14909814,25,13003256,14,8193
24,14909814,25,13003280,14,8196
24,14909814,25,13003284,14,8198
24,14909814,25,13003286,14,8197
24,14909814,25,13003297,14,8195
24,14909814,25,13003307,14,8193
24,14909816,25,13003253,14,8190
24,14909816,25,13003286,14,8195
24,14909816,25,13003336,14,8192
24,14909816,25,13003338,14,8193
24,14909817,25,13003307,14,8193
24,14909817,25,13003394,14,8193
24,14909818,25,13003261,14,8192
24,14909818,25,13003262,14,8192
24,14909818,25,13003268,14,8190
24,14909818,25,13003286,14,8192
24,14909818,25,13003299,14,8194
24,14909818,25,13003304,14,8192
24,14909818,25,13003306,14,8192
24,14909818,25,13003394,14,8192
24,14909820,25,13003333,14,8192
24,14909821,25,13003268,14,8192
24,14909821,25,13003283,14,8193
24,14909821,25,13003320,14,8192
24,14909822,25,13003270,14,8193
24,14909822,25,13003270,14,8194
24,14909822,25,13003288,14,8192
24,14909822,25,13003322,14,8192
24,14909823,25,13003307,14,8194
24,14909823,25,13003328,14,8192
24,14909824,25,13003266,14,8193
24,14909824,25,13003280,14,8192
24,14909824,25,13003307,14,8194
24,14909824,25,13003309,14,8192
24,14909824,25,13003310,14,8194
24,14909828,25,13003267,14,8193
24,14909828,25,13003272,14,8193
24,14909830,25,13003268,14,8194
24,14909781,25,13003375,15,16384
24,14909781,25,13003376,15,16384
24,14909782,25,13003372,15,16395
24,14909783,25,13003357,15,16380
24,14909783,25,13003361,15,16381
24,14909783,25,13003364,15,16381
24,14909783,25,13003365,15,16382
24,14909783,25,13003369,15,16384
24,14909783,25,13003370,15,16394
24,14909783,25,13003376,15,16387
24,14909783,25,13003379,15,16390
24,14909784,25,13003363,15,16381
24,14909784,25,13003368,15,16384
24,14909785,25,13003341,15,16381
24,14909785,25,13003343,15,16382
24,14909785,25,13003348,15,16382
24,14909785,25,13003351,15,16381
24,14909785,25,13003351,15,16382
24,14909785,25,13003368,15,16381
24,14909785,25,13003369,15,16382
24,14909785,25,13003370,15,16382
24,14909785,25,13003371,15,16384
24,14909785,25,13003372,15,16384
24,14909785,25,13003372,15,16395
24,14909785,25,13003377,15,16397
24,14909785,25,13003379,15,16387
24,14909785,25,13003379,15,16396
24,14909785,25,13003380,15,16387
24,14909785,25,13003380,15,16388
24,14909785,25,13003380,15,16394
24,14909786,25,13003341,15,16380
24,14909786,25,13003352,15,16389
24,14909786,25,13003355,15,16387
24,14909786,25,13003356,15,16387
24,14909786,25,13003365,15,16381
24,14909786,25,13003365,15,16382
24,14909786,25,13003373,15,16396
24,14909787,25,13003323,15,16380
24,14909787,25,13003325,15,16379
24,14909787,25,13003325,15,16380
24,14909787,25,13003330,15,16379
24,14909787,25,13003341,15,16379
24,14909787,25,13003368,15,16386
24,14909787,25,13003368,15,16391
24,14909787,25,13003368,15,16392
24,14909787,25,13003369,15,16393
24,14909787,25,13003370,15,16393
24,14909787,25,13003377,15,16386
24,14909787,25,13003380,15,16392
24,14909787,25,13003381,15,16389
24,14909787,25,13003381,15,16393
24,14909788,25,13003343,15,16379
24,14909788,25,13003355,15,16381
24,14909788,25,13003355,15,16382
24,14909788,25,13003355,15,16386
24,14909788,25,13003366,15,16380
24,14909788,25,13003368,15,16390
24,14909788,25,13003369,15,16391
24,14909788,25,13003371,15,16393
24,14909788,25,13003374,15,16394
24,14909789,25,13003304,15,16379
24,14909789,25,13003306,15,16386
24,14909789,25,13003311,15,16379
24,14909789,25,13003313,15,16385
24,14909789,25,13003316,15,16385
24,14909789,25,13003320,15,16384
24,14909789,25,13003325,15,16386
24,14909789,25,13003328,15,16382
24,14909789,25,13003341,15,16380
24,14909789,25,13003345,15,16389
24,14909789,25,13003345,15,16392
24,14909789,25,13003346,15,16381
24,14909789,25,13003346,15,16382
24,14909789,25,13003346,15,16392
24,14909789,25,13003352,15,16389
24,14909789,25,13003379,15,16395
24,14909791,25,13003292,15,16386
24,14909791,25,13003293,15,16382
24,14909791,25,13003293,15,16384
24,14909791,25,13003299,15,16386
24,14909791,25,13003300,15,16386
24,14909791,25,13003304,15,16379
24,14909791,25,13003304,15,16382
24,14909791,25,13003304,15,16384
24,14909791,25,13003321,15,16382
24,14909791,25,13003323,15,16384
24,14909791,25,13003325,15,16379
24,14909791,25,13003325,15,16382
24,14909791,25,13003325,15,16384
24,14909791,25,13003330,15,16385
24,14909791,25,13003330,15,16386
24,14909791,25,13003339,15,16379
24,14909791,25,13003343,15,16380
24,14909791,25,13003351,15,16388
24,14909791,25,13003354,15,16381
24,14909791,25,13003354,15,16382
24,14909791,25,13003359,15,16382
24,14909791,25,13003359,15,16386
24,14909791,25,13003359,15,16388
24,14909791,25,13003361,15,16382
24,14909791,25,13003361,15,16388
24,14909791,25,13003362,15,16380
24,14909791,25,13003365,15,16389
24,14909791,25,13003369,15,16390
24,14909791,25,13003370,15,16381
24,14909791,25,13003379,15,16396
24,14909791,25,13003382,15,16395
24,14909792,25,13003283,15,16385
24,14909792,25,13003291,15,16386
24,14909792,25,13003299,15,16385
24,14909792,25,13003300,15,16385
24,14909792,25,13003326,15,16381
24,14909792,25,13003326,15,16382
24,14909792,25,13003330,15,16386
24,14909792,25,13003363,15,16390
24,14909792,25,13003367,15,16386
24,14909792,25,13003369,15,16388
24,14909792,25,13003370,15,16389
24,14909792,25,13003377,15,16389
24,14909792,25,13003379,15,16394
24,14909792,25,13003381,15,16389
24,14909792,25,13003382,15,16389
24,14909792,25,13003382,15,16394
24,14909793,25,13003275,15,16379
24,14909793,25,13003277,15,16382
24,14909793,25,13003336,15,16384
24,14909793,25,13003338,15,16381
24,14909793,25,13003338,15,16382
24,14909793,25,13003343,15,16382
24,14909793,25,13003343,15,16385
24,14909793,25,13003343,15,16386
24,14909793,25,13003343,15,16388
24,14909793,25,13003350,15,16388
24,14909793,25,13003356,15,16390
24,14909793,25,13003379,15,16382
24,14909793,25,13003379,15,16384
24,14909793,25,13003380,15,16384
24,14909794,25,13003266,15,16384
24,14909794,25,13003267,15,16385
24,14909794,25,13003272,15,16387
24,14909794,25,13003272,15,16388
24,14909794,25,13003274,15,16382
24,14909794,25,13003327,15,16379
24,14909794,25,13003327,15,16381
24,14909794,25,13003327,15,16382
24,14909794,25,13003328,15,16385
24,14909794,25,13003332,15,16381
24,14909794,25,13003332,15,16382
24,14909794,25,13003333,15,16386
24,14909794,25,13003334,15,16386
24,14909794,25,13003339,15,16379
24,14909794,25,13003339,15,16381
24,14909794,25,13003339,15,16382
24,14909794,25,13003339,15,16384
24,14909794,25,13003339,15,16387
24,14909794,25,13003339,15,16388
24,14909794,25,13003340,15,16389
24,14909794,25,13003347,15,16390
24,14909794,25,13003348,15,16390
24,14909794,25,13003349,15,16389
24,14909794,25,13003361,15,16382
24,14909794,25,13003361,15,16384
24,14909794,25,13003366,15,16384
24,14909794,25,13003381,15,16387
24,14909795,25,13003257,15,16379
24,14909795,25,13003257,15,16382
24,14909795,25,13003264,15,16379
24,14909795,25,13003372,15,16381
24,14909795,25,13003381,15,16382
24,14909795,25,13003382,15,16384
24,14909795,25,13003384,15,16386
24,14909796,25,13003249,15,16382
24,14909796,25,13003250,15,16382
24,14909796,25,13003250,15,16384
24,14909796,25,13003286,15,16382
24,14909796,25,13003296,15,16382
24,14909796,25,13003296,15,16384
24,14909796,25,13003307,15,16379
24,14909796,25,13003310,15,16379
24,14909796,25,13003311,15,16384
24,14909796,25,13003340,15,16381
24,14909796,25,13003340,15,16382
24,14909796,25,13003340,15,16388
24,14909796,25,13003344,15,16390
24,14909796,25,13003375,15,16382
24,14909797,25,13003243,15,16379
24,14909797,25,13003288,15,16384
24,14909797,25,13003291,15,16385
24,14909797,25,13003304,15,16385
24,14909797,25,13003308,15,16385
24,14909797,25,13003325,15,16380
24,14909797,25,13003375,15,16381
24,14909797,25,13003379,15,16381
24,14909797,25,13003381,15,16387
24,14909797,25,13003381,15,16388
24,14909797,25,13003383,15,16384
24,14909797,25,13003383,15,16389
24,14909797,25,13003384,15,16385
24,14909797,25,13003385,15,16386
24,14909798,25,13003250,15,16379
24,14909798,25,13003268,15,16379
24,14909798,25,13003272,15,16380
24,14909798,25,13003286,15,16379
24,14909798,25,13003290,15,16380
24,14909798,25,13003295,15,16380
24,14909798,25,13003297,15,16382
24,14909798,25,13003300,15,16380
24,14909798,25,13003304,15,16382
24,14909798,25,13003310,15,16384
24,14909798,25,13003325,15,16380
24,14909798,25,13003327,15,16381
24,14909798,25,13003327,15,16382
24,14909798,25,13003327,15,16386
24,14909798,25,13003328,15,16381
24,14909798,25,13003328,15,16382
24,14909798,25,13003328,15,16386
24,14909798,25,13003341,15,16381
24,14909798,25,13003341,15,16382
24,14909798,25,13003341,15,16388
24,14909798,25,13003343,15,16382
24,14909798,25,13003345,15,16390
24,14909798,25,13003348,15,16389
24,14909798,25,13003350,15,16381
24,14909798,25,13003350,15,16382
24,14909798,25,13003350,15,16388
24,14909798,25,13003359,15,16381
24,14909798,25,13003362,15,16380
24,14909798,25,13003377,15,16388
24,14909798,25,13003379,15,16381
24,14909798,25,13003379,15,16382
24,14909798,25,13003379,15,16388
24,14909798,25,13003380,15,16381
24,14909798,25,13003384,15,16384
24,14909800,25,13003245,15,16379
24,14909800,25,13003265,15,16380
24,14909800,25,13003266,15,16380
24,14909800,25,13003277,15,16379
24,14909800,25,13003283,15,16381
24,14909800,25,13003284,15,16379
24,14909800,25,13003284,15,16381
24,14909800,25,13003286,15,16380
24,14909800,25,13003288,15,16380
24,14909800,25,13003289,15,16381
24,14909800,25,13003311,15,16381
24,14909800,25,13003312,15,16380
24,14909800,25,13003313,15,16379
24,14909800,25,13003322,15,16379
24,14909800,25,13003325,15,16381
24,14909800,25,13003325,15,16382
24,14909800,25,13003325,15,16386
24,14909800,25,13003326,15,16386
24,14909800,25,13003331,15,16386
24,14909800,25,13003355,15,16380
24,14909800,25,13003361,15,16380
24,14909800,25,13003362,15,16380
24,14909800,25,13003370,15,16387
24,14909801,25,13003245,15,16385
24,14909801,25,13003248,15,16385
24,14909801,25,13003249,15,16382
24,14909801,25,13003267,15,16381
24,14909801,25,13003267,15,16382
24,14909801,25,13003268,15,16381
24,14909801,25,13003268,15,16382
24,14909801,25,13003285,15,16382
24,14909801,25,13003286,15,16382
24,14909801,25,13003286,15,16384
24,14909801,25,13003290,15,16382
24,14909801,25,13003294,15,16384
24,14909801,25,13003299,15,16388
24,14909801,25,13003300,15,16386
24,14909801,25,13003301,15,16389
24,14909801,25,13003306,15,16388
24,14909801,25,13003308,15,16389
24,14909801,25,13003311,15,16384
24,14909801,25,13003312,15,16382
24,14909801,25,13003349,15,16390
24,14909801,25,13003351,15,16381
24,14909801,25,13003351,15,16382
24,14909801,25,13003351,15,16388
24,14909801,25,13003358,15,16381
24,14909801,25,13003371,15,16389
24,14909801,25,13003384,15,16395
24,14909801,25,13003385,15,16382
24,14909801,25,13003386,15,16384
24,14909801,25,13003387,15,16385
24,14909801,25,13003387,15,16387
24,14909801,25,13003387,15,16390
24,14909801,25,13003387,15,16395
24,14909801,25,13003387,15,16397
24,14909802,25,13003268,15,16382
24,14909802,25,13003270,15,16384
24,14909802,25,13003271,15,16386
24,14909802,25,13003315,15,16381
24,14909802,25,13003317,15,16379
24,14909802,25,13003333,15,16380
24,14909802,25,13003351,15,16380
24,14909802,25,13003352,15,16380
24,14909802,25,13003375,15,16382
24,14909802,25,13003382,15,16391
24,14909802,25,13003382,15,16392
24,14909802,25,13003384,15,16394
24,14909802,25,13003385,15,16397
24,14909802,25,13003386,15,16395
24,14909802,25,13003387,15,16398
24,14909803,25,13003250,15,16382
24,14909803,25,13003265,15,16380
24,14909803,25,13003277,15,16386
24,14909803,25,13003280,15,16385
24,14909803,25,13003285,15,16394
24,14909803,25,13003286,15,16387
24,14909803,25,13003286,15,16393
24,14909803,25,13003286,15,16394
24,14909803,25,13003291,15,16400
24,14909803,25,13003292,15,16389
24,14909803,25,13003295,15,16398
24,14909803,25,13003296,15,16398
24,14909803,25,13003299,15,16393
24,14909803,25,13003299,15,16394
24,14909803,25,13003308,15,16392
24,14909803,25,13003309,15,16388
24,14909803,25,13003310,15,16387
24,14909803,25,13003315,15,16386
24,14909803,25,13003316,15,16381
24,14909803,25,13003316,15,16382
24,14909803,25,13003331,15,16381
24,14909803,25,13003331,15,16382
24,14909803,25,13003331,15,16386
24,14909803,25,13003331,15,16389
24,14909803,25,13003332,15,16381
24,14909803,25,13003335,15,16390
24,14909803,25,13003348,15,16391
24,14909803,25,13003351,15,16391
24,14909803,25,13003352,15,16382
24,14909803,25,13003377,15,16389
24,14909803,25,13003381,15,16381
24,14909803,25,13003386,15,16382
24,14909803,25,13003387,15,16384
24,14909803,25,13003387,15,16394
24,14909803,25,13003388,15,16385
24,14909803,25,13003388,15,16388
24,14909804,25,13003248,15,16384
24,14909804,25,13003250,15,16384
24,14909804,25,13003272,15,16385
24,14909804,25,13003273,15,16386
24,14909804,25,13003274,15,16387
24,14909804,25,13003274,15,16388
24,14909804,25,13003275,15,16389
24,14909804,25,13003316,15,16381
24,14909804,25,13003317,15,16380
24,14909804,25,13003322,15,16380
24,14909804,25,13003335,15,16391
24,14909804,25,13003337,15,16392
24,14909804,25,13003338,15,16392
24,14909804,25,13003341,15,16388
24,14909804,25,13003341,15,16390
24,14909804,25,13003343,15,16385
24,14909804,25,13003343,15,16388
24,14909804,25,13003344,15,16391
24,14909804,25,13003345,15,16384
24,14909804,25,13003345,15,16389
24,14909804,25,13003349,15,16382
24,14909804,25,13003350,15,16385
24,14909804,25,13003350,15,16388
24,14909804,25,13003352,15,16382
24,14909804,25,13003352,15,16389
24,14909804,25,13003352,15,16390
24,14909804,25,13003380,15,16381
24,14909804,25,13003385,15,16393
24,14909804,25,13003385,15,16394
24,14909805,25,13003261,15,16382
24,14909805,25,13003261,15,16384
24,14909805,25,13003263,15,16385
24,14909805,25,13003265,15,16381
24,14909805,25,13003265,15,16382
24,14909805,25,13003265,15,16384
24,14909805,25,13003268,15,16382
24,14909805,25,13003268,15,16384
24,14909805,25,13003270,15,16384
24,14909805,25,13003276,15,16394
24,14909805,25,13003277,15,16395
24,14909805,25,13003278,15,16392
24,14909805,25,13003282,15,16395
24,14909805,25,13003283,15,16399
24,14909805,25,13003286,15,16401
24,14909805,25,13003286,15,16402
24,14909805,25,13003288,15,16403
24,14909805,25,13003293,15,16403
24,14909805,25,13003296,15,16399
24,14909805,25,13003300,15,16394
24,14909805,25,13003309,15,16392
24,14909805,25,13003310,15,16388
24,14909805,25,13003311,15,16387
24,14909805,25,13003317,15,16382
24,14909805,25,13003317,15,16386
24,14909805,25,13003317,15,16390
24,14909805,25,13003323,15,16391
24,14909805,25,13003325,15,16388
24,14909805,25,13003326,15,16390
24,14909805,25,13003329,15,16392
24,14909805,25,13003330,15,16392
24,14909805,25,13003387,15,16391
24,14909805,25,13003388,15,16382
24,14909805,25,13003388,15,16389
24,14909805,25,13003388,15,16390
24,14909805,25,13003388,15,16392
24,14909805,25,13003389,15,16385
24,14909806,25,13003249,15,16384
24,14909806,25,13003250,15,16379
24,14909806,25,13003261,15,16382
24,14909806,25,13003261,15,16384
24,14909806,25,13003267,15,16382
24,14909806,25,13003267,15,16384
24,14909806,25,13003268,15,16382
24,14909806,25,13003268,15,16384
24,14909806,25,13003270,15,16380
24,14909806,25,13003273,15,16385
24,14909806,25,13003274,15,16386
24,14909806,25,13003275,15,16387
24,14909806,25,13003276,15,16389
24,14909806,25,13003276,15,16394
24,14909806,25,13003278,15,16397
24,14909806,25,13003278,15,16398
24,14909806,25,13003280,15,16399
24,14909806,25,13003320,15,16392
24,14909806,25,13003326,15,16391
24,14909806,25,13003332,15,16390
24,14909806,25,13003333,15,16386
24,14909806,25,13003335,15,16385
24,14909806,25,13003348,15,16381
24,14909806,25,13003374,15,16384
24,14909806,25,13003377,15,16387
24,14909806,25,13003379,15,16381
24,14909806,25,13003379,15,16389
24,14909806,25,13003380,15,16390
24,14909806,25,13003381,15,16381
24,14909806,25,13003381,15,16391
24,14909807,25,13003250,15,16384
24,14909807,25,13003253,15,16380
24,14909807,25,13003291,15,16410
24,14909807,25,13003292,15,16410
24,14909807,25,13003295,15,16403
24,14909807,25,13003296,15,16402
24,14909807,25,13003297,15,16399
24,14909807,25,13003299,15,16398
24,14909807,25,13003301,15,16393
24,14909807,25,13003310,15,16393
24,14909807,25,13003310,15,16394
24,14909807,25,13003311,15,16391
24,14909807,25,13003311,15,16392
24,14909807,25,13003312,15,16392
24,14909807,25,13003314,15,16391
24,14909807,25,13003349,15,16382
24,14909807,25,13003390,15,16382
24,14909807,25,13003390,15,16384
24,14909808,25,13003250,15,16381
24,14909808,25,13003250,15,16382
24,14909808,25,13003252,15,16381
24,14909808,25,13003253,15,16379
24,14909808,25,13003261,15,16382
24,14909808,25,13003261,15,16386
24,14909808,25,13003266,15,16382
24,14909808,25,13003266,15,16386
24,14909808,25,13003268,15,16379
24,14909808,25,13003271,15,16380
24,14909808,25,13003273,15,16382
24,14909808,25,13003275,15,16385
24,14909808,25,13003275,15,16386
24,14909808,25,13003277,15,16390
24,14909808,25,13003277,15,16393
24,14909808,25,13003277,15,16396
24,14909808,25,13003278,15,16381
24,14909808,25,13003279,15,16397
24,14909808,25,13003279,15,16398
24,14909808,25,13003281,15,16399
24,14909808,25,13003283,15,16403
24,14909808,25,13003286,15,16382
24,14909808,25,13003286,15,16410
24,14909808,25,13003289,15,16411
24,14909808,25,13003292,15,16412
24,14909808,25,13003294,15,16408
24,14909808,25,13003296,15,16402
24,14909808,25,13003298,15,16399
24,14909808,25,13003300,15,16398
24,14909808,25,13003302,15,16395
24,14909808,25,13003304,15,16382
24,14909808,25,13003304,15,16394
24,14909808,25,13003308,15,16394
24,14909808,25,13003321,15,16386
24,14909808,25,13003325,15,16382
24,14909808,25,13003327,15,16388
24,14909808,25,13003332,15,16386
24,14909808,25,13003334,15,16385
24,14909808,25,13003343,15,16382
24,14909808,25,13003358,15,16382
24,14909808,25,13003361,15,16381
24,14909808,25,13003375,15,16384
24,14909808,25,13003377,15,16385
24,14909808,25,13003377,15,16386
24,14909808,25,13003379,15,16382
24,14909808,25,13003381,15,16390
24,14909808,25,13003390,15,16382
24,14909808,25,13003390,15,16384
24,14909810,25,13003249,15,16385
24,14909810,25,13003250,15,16384
24,14909810,25,13003266,15,16387
24,14909810,25,13003273,15,16382
24,14909810,25,13003275,15,16385
24,14909810,25,13003276,15,16386
24,14909810,25,13003277,15,16390
24,14909810,25,13003277,15,16397
24,14909810,25,13003277,15,16398
24,14909810,25,13003278,15,16391
24,14909810,25,13003280,15,16398
24,14909810,25,13003285,15,16408
24,14909810,25,13003286,15,16410
24,14909810,25,13003289,15,16408
24,14909810,25,13003296,15,16403
24,14909810,25,13003310,15,16392
24,14909811,25,13003268,15,16382
24,14909811,25,13003268,15,16384
24,14909811,25,13003298,15,16402
24,14909811,25,13003312,15,16391
24,14909811,25,13003320,15,16386
24,14909811,25,13003320,15,16388
24,14909812,25,13003250,15,16385
24,14909812,25,13003267,15,16384
24,14909812,25,13003274,15,16382
24,14909812,25,13003276,15,16385
24,14909812,25,13003277,15,16386
24,14909812,25,13003279,15,16391
24,14909812,25,13003280,15,16395
24,14909812,25,13003281,15,16398
24,14909812,25,13003291,15,16403
24,14909812,25,13003292,15,16403
24,14909812,25,13003293,15,16401
24,14909812,25,13003293,15,16402
24,14909812,25,13003296,15,16399
24,14909812,25,13003302,15,16395
24,14909812,25,13003303,15,16393
24,14909812,25,13003303,15,16394
24,14909812,25,13003311,15,16392
24,14909812,25,13003312,15,16392
24,14909812,25,13003318,15,16387
24,14909812,25,13003320,15,16386
24,14909812,25,13003320,15,16388
24,14909813,25,13003253,15,16387
24,14909813,25,13003253,15,16388
24,14909813,25,13003254,15,16385
24,14909813,25,13003254,15,16388
24,14909813,25,13003255,15,16380
24,14909813,25,13003304,15,16391
24,14909813,25,13003310,15,16392
24,14909813,25,13003313,15,16389
24,14909813,25,13003314,15,16388
24,14909813,25,13003346,15,16384
24,14909814,25,13003252,15,16380
24,14909814,25,13003252,15,16385
24,14909814,25,13003252,15,16386
24,14909814,25,13003255,15,16386
24,14909814,25,13003256,15,16388
24,14909814,25,13003273,15,16379
24,14909814,25,13003275,15,16382
24,14909814,25,13003276,15,16384
24,14909814,25,13003277,15,16385
24,14909814,25,13003279,15,16388
24,14909814,25,13003280,15,16391
24,14909814,25,13003281,15,16395
24,14909814,25,13003284,15,16398
24,14909814,25,13003285,15,16394
24,14909814,25,13003288,15,16394
24,14909814,25,13003293,15,16394
24,14909814,25,13003294,15,16394
24,14909814,25,13003302,15,16388
24,14909814,25,13003308,15,16388
24,14909814,25,13003311,15,16385
24,14909814,25,13003313,15,16384
24,14909814,25,13003314,15,16386
24,14909814,25,13003318,15,16384
24,14909814,25,13003391,15,16390
24,14909815,25,13003255,15,16385
24,14909815,25,13003256,15,16385
24,14909815,25,13003265,15,16386
24,14909815,25,13003267,15,16384
24,14909815,25,13003268,15,16384
24,14909815,25,13003272,15,16380
24,14909815,25,13003389,15,16389
24,14909815,25,13003393,15,16391
24,14909815,25,13003394,15,16391
24,14909816,25,13003253,15,16379
24,14909816,25,13003253,15,16382
24,14909816,25,13003253,15,16384
24,14909816,25,13003256,15,16381
24,14909816,25,13003256,15,16382
24,14909816,25,13003256,15,16384
24,14909816,25,13003263,15,16387
24,14909816,25,13003264,15,16379
24,14909816,25,13003265,15,16385
24,14909816,25,13003266,15,16385
24,14909816,25,13003267,15,16379
24,14909816,25,13003276,15,16382
24,14909816,25,13003277,15,16384
24,14909816,25,13003278,15,16385
24,14909816,25,13003281,15,16391
24,14909816,25,13003283,15,16390
24,14909816,25,13003286,15,16389
24,14909816,25,13003286,15,16392
24,14909816,25,13003289,15,16387
24,14909816,25,13003290,15,16389
24,14909816,25,13003290,15,16393
24,14909816,25,13003291,15,16395
24,14909816,25,13003335,15,16388
24,14909816,25,13003338,15,16388
24,14909817,25,13003257,15,16380
24,14909817,25,13003259,15,16381
24,14909817,25,13003259,15,16382
24,14909817,25,13003259,15,16384
24,14909817,25,13003260,15,16384
24,14909817,25,13003302,15,16388
24,14909817,25,13003304,15,16388
24,14909817,25,13003306,15,16388
24,14909817,25,13003393,15,16382
24,14909817,25,13003394,15,16385
24,14909818,25,13003261,15,16381
24,14909818,25,13003261,15,16382
24,14909818,25,13003268,15,16382
24,14909818,25,13003277,15,16382
24,14909818,25,13003278,15,16381
24,14909818,25,13003279,15,16385
24,14909818,25,13003279,15,16386
24,14909818,25,13003282,15,16387
24,14909818,25,13003286,15,16382
24,14909818,25,13003302,15,16387
24,14909818,25,13003304,15,16382
24,14909818,25,13003304,15,16386
24,14909818,25,13003306,15,16386
24,14909818,25,13003325,15,16382
24,14909818,25,13003343,15,16382
24,14909818,25,13003361,15,16382
24,14909818,25,13003379,15,16382
24,14909818,25,13003394,15,16382
24,14909820,25,13003279,15,16390
24,14909820,25,13003289,15,16384
24,14909820,25,13003316,15,16386
24,14909820,25,13003319,15,16386
24,14909820,25,13003333,15,16386
24,14909820,25,13003375,15,16382
24,14909820,25,13003379,15,16382
24,14909821,25,13003261,15,16387
24,14909821,25,13003262,15,16387
24,14909821,25,13003262,15,16388
24,14909821,25,13003268,15,16386
24,14909821,25,13003270,15,16384
24,14909821,25,13003282,15,16389
24,14909821,25,13003283,15,16385
24,14909821,25,13003333,15,16387
24,14909822,25,13003262,15,16389
24,14909822,25,13003268,15,16389
24,14909822,25,13003279,15,16387
24,14909822,25,13003281,15,16386
24,14909822,25,13003285,15,16388
24,14909822,25,13003286,15,16387
24,14909822,25,13003286,15,16388
24,14909822,25,13003288,15,16386
24,14909822,25,13003357,15,16382
24,14909822,25,13003361,15,16382
24,14909822,25,13003366,15,16382
24,14909823,25,13003307,15,16387
24,14909823,25,13003322,15,16387
24,14909823,25,13003325,15,16388
24,14909823,25,13003326,15,16388
24,14909823,25,13003328,15,16386
24,14909824,25,13003275,15,16386
24,14909824,25,13003280,15,16386
24,14909824,25,13003309,15,16386
24,14909824,25,13003343,15,16382
24,14909824,25,13003348,15,16382
24,14909825,25,13003335,15,16384
24,14909826,25,13003264,15,16381
24,14909826,25,13003264,15,16382
24,14909826,25,13003266,15,16385
24,14909826,25,13003299,15,16387
24,14909826,25,13003299,15,16388
24,14909826,25,13003302,15,16385
24,14909826,25,13003302,15,16386
24,14909826,25,13003323,15,16382
24,14909826,25,13003325,15,16382
24,14909827,25,13003292,15,16387
24,14909828,25,13003259,15,16380
24,14909828,25,13003265,15,16381
24,14909828,25,13003265,15,16382
24,14909828,25,13003266,15,16380
24,14909828,25,13003267,15,16385
24,14909828,25,13003268,15,16381
24,14909828,25,13003268,15,16382
24,14909828,25,13003268,15,16388
24,14909828,25,13003272,15,16388
24,14909828,25,13003274,15,16384
24,14909828,25,13003286,15,16382
24,14909828,25,13003304,15,16382
24,14909830,25,13003259,15,16380
24,14909830,25,13003265,15,16380
24,14909830,25,13003267,15,16388
24,14909830,25,13003268,15,16382
24,14909830,25,13003272,15,16384
24,14909830,25,13003293,15,16382
24,14909830,25,13003294,15,16388
24,14909830,25,13003300,15,16382
24,14909831,25,13003264,15,16381
24,14909832,25,13003275,15,16381
24,14909832,25,13003275,15,16382
24,14909832,25,13003282,15,16382
24,14909834,25,13003261,15,16380
24,14909834,25,13003262,15,16380
24,14909834,25,13003263,15,16381
25,29819581,21,812709,15,16380
25,29819598,21,812709,15,16380
25,29819618,21,812709,15,16382
25,29819639,21,812709,15,16382
25,29819618,22,1625411,11,1024
25,29819618,22,1625412,12,2048
25,29819581,22,1625418,13,4096
25,29819581,22,1625421,13,4096
25,29819618,22,1625411,13,4100
25,29819618,22,1625416,13,4096
25,29819581,22,1625412,14,8190
25,29819581,22,1625414,14,8190
25,29819581,22,1625421,14,8194
25,29819618,22,1625411,14,8202
25,29819618,22,1625412,14,8196
25,29819618,22,1625423,14,8192
25,29819581,22,1625412,15,16382
25,29819581,22,1625414,15,16379
25,29819581,22,1625414,15,16382
25,29819581,22,1625414,15,16384
25,29819581,22,1625416,15,16379
25,29819581,22,1625418,15,16381
25,29819581,22,1625418,15,16382
25,29819581,22,1625418,15,16388
25,29819598,22,1625407,15,16379
25,29819598,22,1625409,15,16379
25,29819598,22,1625409,15,16380
25,29819598,22,1625412,15,16382
25,29819598,22,1625416,15,16380
25,29819598,22,1625421,15,16381
25,29819618,22,1625407,15,16379
25,29819618,22,1625411,15,16382
25,29819618,22,1625412,15,16382
25,29819618,22,1625414,15,16382
25,29819618,22,1625416,15,16382
25,29819618,22,1625421,15,16382
25,29819618,22,1625423,15,16382
25,29819639,22,1625407,15,16380
25,29819639,22,1625411,15,16382
25,29819639,22,1625411,15,16384
25,29819639,22,1625412,15,16382
25,29819639,22,1625414,15,16382
25,29819639,22,1625416,15,16382
25,29819639,22,1625421,15,16382
25,29819639,22,1625423,15,16382
25,29819659,22,1625409,15,16382
25,29819659,22,1625411,15,16382
25,29819659,22,1625412,15,16382
25,29819618,23,3250820,12,2048
25,29819618,23,3250827,12,2048
25,29819586,23,3250842,13,4096
25,29819590,23,3250838,13,4096
25,29819598,23,3250836,13,4096
25,29819598,23,3250845,13,4096
25,29819618,23,3250819,13,4096
25,29819618,23,3250820,13,4098
25,29819618,23,3250822,13,4102
25,29819618,23,3250845,13,4096
25,29819639,23,3250816,13,4096
25,29819571,23,3250839,14,8192
25,29819581,23,3250825,14,8192
25,29819581,23,3250827,14,8190
25,29819581,23,3250830,14,8190
25,29819581,23,3250830,14,8192
25,29819581,23,3250832,14,8190
25,29819582,23,3250836,14,8192
25,29819584,23,3250827,14,8190
25,29819584,23,3250828,14,8190
25,29819585,23,3250820,14,8190
25,29819598,23,3250820,14,8190
25,29819598,23,3250825,14,8192
25,29819598,23,3250832,14,8192
25,29819598,23,3250836,14,8194
25,29819598,23,3250845,14,8194
25,29819602,23,3250832,14,8192
25,29819603,23,3250825,14,8195
25,29819605,23,3250823,14,8195
25,29819605,23,3250823,14,8196
25,29819613,23,3250822,14,8203
25,29819618,23,3250816,14,8190
25,29819618,23,3250816,14,8192
25,29819618,23,3250818,14,8190
25,29819618,23,3250820,14,8198
25,29819618,23,3250822,14,8203
25,29819618,23,3250824,14,8197
25,29819618,23,3250824,14,8198
25,29819618,23,3250828,14,8192
25,29819618,23,3250845,14,8194
25,29819618,23,3250846,14,8193
25,29819618,23,3250846,14,8194
25,29819631,23,3250834,14,8192
25,29819639,23,3250815,14,8192
25,29819639,23,3250816,14,8190
25,29819639,23,3250818,14,8190
25,29819639,23,3250829,14,8192
25,29819563,23,3250843,15,16385
25,29819567,23,3250838,15,16380
25,29819571,23,3250834,15,16379
25,29819571,23,3250839,15,16382
25,29819571,23,3250839,15,16386
25,29819575,23,3250830,15,16381
25,29819575,23,3250830,15,16382
25,29819577,23,3250828,15,16385
25,29819578,23,3250827,15,16385
25,29819581,23,3250825,15,16379
25,29819581,23,3250827,15,16379
25,29819581,23,3250827,15,16382
25,29819581,23,3250827,15,16384
25,29819581,23,3250829,15,16385
25,29819581,23,3250830,15,16379
25,29819581,23,3250830,15,16382
25,29819581,23,3250830,15,16386
25,29819581,23,3250832,15,16382
25,29819581,23,3250832,15,16384
25,29819581,23,3250834,15,16379
25,29819581,23,3250836,15,16389
25,29819581,23,3250841,15,16381
25,29819581,23,3250841,15,16382
25,29819581,23,3250841,15,16387
25,29819581,23,3250841,15,16388
25,29819581,23,3250842,15,16382
25,29819581,23,3250843,15,16390
25,29819582,23,3250830,15,16385
25,29819582,23,3250836,15,16381
25,29819582,23,3250836,15,16382
25,29819583,23,3250822,15,16380
25,29819583,23,3250839,15,16387
25,29819584,23,3250833,15,16379
25,29819584,23,3250843,15,16389
25,29819585,23,3250820,15,16379
25,29819585,23,3250820,15,16382
25,29819585,23,3250820,15,16384
25,29819585,23,3250834,15,16384
25,29819585,23,3250838,15,16389
25,29819587,23,3250836,15,16389
25,29819588,23,3250820,15,16382
25,29819590,23,3250838,15,16382
25,29819590,23,3250838,15,16388
25,29819592,23,3250813,15,16384
25,29819593,23,3250811,15,16379
25,29819593,23,3250823,15,16385
25,29819597,23,3250830,15,16380
25,29819598,23,3250811,15,16379
25,29819598,23,3250813,15,16379
25,29819598,23,3250816,15,16379
25,29819598,23,3250819,15,16381
25,29819598,23,3250820,15,16379
25,29819598,23,3250822,15,16379
25,29819598,23,3250823,15,16380
25,29819598,23,3250827,15,16382
25,29819598,23,3250828,15,16380
25,29819598,23,3250829,15,16379
25,29819598,23,3250830,15,16379
25,29819598,23,3250830,15,16380
25,29819598,23,3250832,15,16381
25,29819598,23,3250832,15,16382
25,29819598,23,3250832,15,16386
25,29819598,23,3250834,15,16380
25,29819598,23,3250836,15,16381
25,29819598,23,3250836,15,16382
25,29819598,23,3250841,15,16381
25,29819598,23,3250845,15,16382
25,29819600,23,3250823,15,16381
25,29819601,23,3250825,15,16387
25,29819602,23,3250820,15,16380
25,29819602,23,3250832,15,16381
25,29819602,23,3250832,15,16382
25,29819603,23,3250819,15,16381
25,29819603,23,3250823,15,16387
25,29819603,23,3250838,15,16381
25,29819605,23,3250818,15,16384
25,29819605,23,3250834,15,16381
25,29819605,23,3250834,15,16382
25,29819605,23,3250834,15,16384
25,29819605,23,3250834,15,16389
25,29819606,23,3250837,15,16392
25,29819607,23,3250819,15,16387
25,29819607,23,3250820,15,16389
25,29819607,23,3250822,15,16395
25,29819607,23,3250832,15,16387
25,29819607,23,3250834,15,16391
25,29819609,23,3250830,15,16387
25,29819609,23,3250832,15,16391
25,29819610,23,3250829,15,16381
25,29819610,23,3250834,15,16391
25,29819612,23,3250834,15,16385
25,29819612,23,3250834,15,16386
25,29819612,23,3250834,15,16389
25,29819613,23,3250822,15,16408
25,29819613,23,3250829,15,16392
25,29819616,23,3250829,15,16390
25,29819616,23,3250830,15,16388
25,29819617,23,3250822,15,16412
25,29819618,23,3250816,15,16379
25,29819618,23,3250816,15,16382
25,29819618,23,3250816,15,16386
25,29819618,23,3250819,15,16382
25,29819618,23,3250820,15,16382
25,29819618,23,3250820,15,16398
25,29819618,23,3250824,15,16398
25,29819618,23,3250827,15,16382
25,29819618,23,3250827,15,16392
25,29819618,23,3250828,15,16386
25,29819618,23,3250830,15,16382
25,29819618,23,3250834,15,16382
25,29819618,23,3250841,15,16381
25,29819618,23,3250845,15,16382
25,29819618,23,3250846,15,16390
25,29819620,23,3250845,15,16389
25,29819622,23,3250845,15,16387
25,29819624,23,3250822,15,16404
25,29819628,23,3250828,15,16387
25,29819628,23,3250846,15,16387
25,29819632,23,3250815,15,16379
25,29819636,23,3250816,15,16382
25,29819636,23,3250816,15,16384
25,29819639,23,3250815,15,16381
25,29819639,23,3250815,15,16382
25,29819639,23,3250816,15,16382
25,29819639,23,3250816,15,16388
25,29819639,23,3250819,15,16382
25,29819639,23,3250819,15,16384
25,29819639,23,3250820,15,16382
25,29819639,23,3250820,15,16384
25,29819639,23,3250822,15,16385
25,29819639,23,3250827,15,16382
25,29819639,23,3250829,15,16386
25,29819639,23,3250830,15,16382
25,29819639,23,3250834,15,16382
25,29819639,23,3250841,15,16382
25,29819639,23,3250845,15,16382
25,29819640,23,3250846,15,16382
25,29819647,23,3250818,15,16385
25,29819648,23,3250816,15,16388
25,29819650,23,3250819,15,16386
25,29819652,23,3250833,15,16382
25,29819659,23,3250815,15,16380
25,29819659,23,3250818,15,16381
25,29819659,23,3250820,15,16382
25,29819666,23,3250819,15,16382
25,29819618,24,6501642,11,1024
25,29819598,24,6501692,12,2048
25,29819618,24,6501653,12,2048
25,29819581,24,6501676,13,4096
25,29819581,24,6501688,13,4097
25,29819581,24,6501688,13,4098
25,29819581,24,6501690,13,4097
25,29819581,24,6501690,13,4098
25,29819583,24,6501691,13,4097
25,29819587,24,6501636,13,4096
25,29819587,24,6501670,13,4096
25,29819591,24,6501688,13,4096
25,29819598,24,6501674,13,4096
25,29819598,24,6501688,13,4096
25,29819618,24,6501639,13,4097
25,29819618,24,6501639,13,4098
25,29819618,24,6501642,13,4100
25,29819618,24,6501661,13,4096
25,29819618,24,6501663,13,4096
25,29819622,24,6501661,13,4096
25,29819626,24,6501647,13,4099
25,29819626,24,6501663,13,4096
25,29819628,24,6501644,13,4099
25,29819639,24,6501650,13,4096
25,29819649,24,6501648,13,4096
25,29819659,24,6501633,13,4096
25,29819659,24,6501635,13,4096
25,29819659,24,6501646,13,4096
25,29819565,24,6501685,14,8195
25,29819565,24,6501685,14,8196
25,29819569,24,6501673,14,8190
25,29819569,24,6501673,14,8192
25,29819571,24,6501683,14,8193
25,29819577,24,6501655,14,8190
25,29819577,24,6501656,14,8190
25,29819577,24,6501659,14,8192
25,29819577,24,6501673,14,8193
25,29819578,24,6501678,14,8192
25,29819579,24,6501651,14,8190
25,29819579,24,6501651,14,8192
25,29819581,24,6501653,14,8190
25,29819581,24,6501653,14,8192
25,29819581,24,6501663,14,8190
25,29819581,24,6501663,14,8192
25,29819581,24,6501673,14,8195
25,29819581,24,6501673,14,8196
25,29819581,24,6501676,14,8194
25,29819581,24,6501683,14,8192
25,29819581,24,6501688,14,8193
25,29819581,24,6501690,14,8193
25,29819582,24,6501673,14,8193
25,29819583,24,6501645,14,8192
25,29819583,24,6501667,14,8190
25,29819583,24,6501678,14,8192
25,29819583,24,6501691,14,8196
25,29819584,24,6501653,14,8190
25,29819587,24,6501636,14,8190
25,29819588,24,6501641,14,8190
25,29819588,24,6501642,14,8190
25,29819588,24,6501679,14,8193
25,29819588,24,6501681,14,8193
25,29819589,24,6501632,14,8190
25,29819590,24,6501632,14,8190
25,29819591,24,6501627,14,8190
25,29819591,24,6501651,14,8190
25,29819592,24,6501633,14,8190
25,29819592,24,6501635,14,8190
25,29819592,24,6501667,14,8192
25,29819594,24,6501626,14,8190
25,29819596,24,6501645,14,8192
25,29819596,24,6501646,14,8190
25,29819596,24,6501646,14,8192
25,29819597,24,6501665,14,8192
25,29819597,24,6501692,14,8196
25,29819598,24,6501649,14,8192
25,29819598,24,6501653,14,8192
25,29819598,24,6501654,14,8192
25,29819598,24,6501674,14,8194
25,29819598,24,6501687,14,8192
25,29819598,24,6501691,14,8195
25,29819598,24,6501692,14,8196
25,29819601,24,6501624,14,8190
25,29819602,24,6501623,14,8190
25,29819602,24,6501663,14,8192
25,29819605,24,6501669,14,8193
25,29819606,24,6501667,14,8190
25,29819607,24,6501642,14,8195
25,29819607,24,6501642,14,8196
25,29819607,24,6501646,14,8198
25,29819607,24,6501664,14,8192
25,29819608,24,6501663,14,8190
25,29819609,24,6501638,14,8195
25,29819609,24,6501638,14,8196
25,29819609,24,6501641,14,8198
25,29819609,24,6501660,14,8192
25,29819610,24,6501672,14,8193
25,29819611,24,6501645,14,8202
25,29819611,24,6501656,14,8194
25,29819611,24,6501687,14,8192
25,29819613,24,6501641,14,8202
25,29819614,24,6501665,14,8194
25,29819618,24,6501626,14,8190
25,29819618,24,6501631,14,8190
25,29819618,24,6501631,14,8192
25,29819618,24,6501638,14,8190
25,29819618,24,6501639,14,8198
25,29819618,24,6501641,14,8200
25,29819618,24,6501642,14,8202
25,29819618,24,6501646,14,8203
25,29819618,24,6501646,14,8204
25,29819618,24,6501648,14,8200
25,29819618,24,6501650,14,8197
25,29819618,24,6501653,14,8196
25,29819618,24,6501656,14,8194
25,29819618,24,6501658,14,8192
25,29819618,24,6501668,14,8192
25,29819618,24,6501678,14,8192
25,29819621,24,6501659,14,8192
25,29819622,24,6501645,14,8203
25,29819622,24,6501648,14,8202
25,29819624,24,6501693,14,8194
25,29819626,24,6501648,14,8198
25,29819627,24,6501628,14,8190
25,29819627,24,6501628,14,8193
25,29819628,24,6501653,14,8195
25,29819628,24,6501654,14,8195
25,29819628,24,6501692,14,8192
25,29819630,24,6501627,14,8194
25,29819630,24,6501649,14,8195
25,29819630,24,6501650,14,8194
25,29819631,24,6501668,14,8193
25,29819632,24,6501645,14,8195
25,29819632,24,6501646,14,8195
25,29819632,24,6501646,14,8196
25,29819633,24,6501629,14,8190
25,29819634,24,6501642,14,8195
25,29819634,24,6501668,14,8193
25,29819634,24,6501669,14,8192
25,29819636,24,6501642,14,8193
25,29819637,24,6501639,14,8194
25,29819639,24,6501635,14,8190
25,29819639,24,6501639,14,8193
25,29819639,24,6501639,14,8194
25,29819639,24,6501640,14,8193
25,29819642,24,6501666,14,8192
25,29819649,24,6501668,14,8192
25,29819651,24,6501630,14,8192
25,29819655,24,6501635,14,8193
25,29819659,24,6501633,14,8194
25,29819659,24,6501636,14,8192
25,29819662,24,6501646,14,8192
25,29819563,24,6501685,15,16385
25,29819565,24,6501681,15,16381
25,29819565,24,6501682,15,16382
25,29819565,24,6501685,15,16389
25,29819565,24,6501687,15,16387
25,29819565,24,6501688,15,16388
25,29819566,24,6501683,15,16384
25,29819566,24,6501685,15,16395
25,29819567,24,6501679,15,16380
25,29819567,24,6501684,15,16394
25,29819567,24,6501687,15,16392
25,29819567,24,6501688,15,16391
25,29819567,24,6501688,15,16392
25,29819569,24,6501673,15,16382
25,29819569,24,6501674,15,16386
25,29819569,24,6501676,15,16385
25,29819570,24,6501672,15,16384
25,29819571,24,6501669,15,16380
25,29819571,24,6501676,15,16387
25,29819571,24,6501676,15,16388
25,29819571,24,6501683,15,16384
25,29819573,24,6501664,15,16379
25,29819574,24,6501686,15,16395
25,29819575,24,6501659,15,16380
25,29819575,24,6501660,15,16379
25,29819575,24,6501660,15,16380
25,29819575,24,6501690,15,16394
25,29819577,24,6501655,15,16382
25,29819577,24,6501655,15,16384
25,29819577,24,6501656,15,16379
25,29819577,24,6501656,15,16382
25,29819577,24,6501656,15,16384
25,29819577,24,6501658,15,16386
25,29819577,24,6501660,15,16385
25,29819578,24,6501678,15,16381
25,29819578,24,6501678,15,16382
25,29819578,24,6501678,15,16386
25,29819579,24,6501651,15,16379
25,29819579,24,6501651,15,16382
25,29819579,24,6501654,15,16379
25,29819579,24,6501673,15,16393
25,29819579,24,6501682,15,16381
25,29819581,24,6501649,15,16379
25,29819581,24,6501649,15,16384
25,29819581,24,6501653,15,16379
25,29819581,24,6501653,15,16382
25,29819581,24,6501653,15,16386
25,29819581,24,6501657,15,16385
25,29819581,24,6501659,15,16386
25,29819581,24,6501660,15,16387
25,29819581,24,6501663,15,16379
25,29819581,24,6501663,15,16382
25,29819581,24,6501663,15,16386
25,29819581,24,6501664,15,16385
25,29819581,24,6501670,15,16380
25,29819581,24,6501676,15,16381
25,29819581,24,6501676,15,16382
25,29819581,24,6501681,15,16381
25,29819581,24,6501683,15,16386
25,29819581,24,6501684,15,16381
25,29819581,24,6501685,15,16390
25,29819581,24,6501686,15,16382
25,29819581,24,6501687,15,16391
25,29819581,24,6501688,15,16396
25,29819581,24,6501690,15,16396
25,29819582,24,6501651,15,16385
25,29819582,24,6501653,15,16385
25,29819582,24,6501660,15,16384
25,29819583,24,6501645,15,16379
25,29819583,24,6501645,15,16381
25,29819583,24,6501645,15,16382
25,29819583,24,6501645,15,16386
25,29819583,24,6501666,15,16385
25,29819583,24,6501667,15,16382
25,29819583,24,6501667,15,16384
25,29819583,24,6501668,15,16380
25,29819583,24,6501677,15,16388
25,29819583,24,6501678,15,16381
25,29819583,24,6501678,15,16382
25,29819583,24,6501678,15,16386
25,29819583,24,6501678,15,16388
25,29819583,24,6501681,15,16389
25,29819583,24,6501683,15,16390
25,29819583,24,6501691,15,16394
25,29819584,24,6501648,15,16385
25,29819584,24,6501654,15,16382
25,29819584,24,6501657,15,16382
25,29819584,24,6501683,15,16390
25,29819584,24,6501684,15,16390
25,29819585,24,6501640,15,16385
25,29819585,24,6501663,15,16386
25,29819585,24,6501668,15,16381
25,29819585,24,6501668,15,16382
25,29819585,24,6501674,15,16388
25,29819585,24,6501679,15,16390
25,29819585,24,6501690,15,16385
25,29819586,24,6501641,15,16384
25,29819586,24,6501646,15,16385
25,29819586,24,6501646,15,16386
25,29819586,24,6501647,15,16382
25,29819586,24,6501647,15,16384
25,29819586,24,6501679,15,16390
25,29819586,24,6501682,15,16389
25,29819586,24,6501685,15,16388
25,29819587,24,6501635,15,16379
25,29819587,24,6501635,15,16387
25,29819587,24,6501636,15,16379
25,29819587,24,6501636,15,16382
25,29819587,24,6501666,15,16386
25,29819587,24,6501670,15,16388
25,29819587,24,6501672,15,16390
25,29819587,24,6501675,15,16390
25,29819587,24,6501676,15,16390
25,29819588,24,6501642,15,16382
25,29819588,24,6501665,15,16385
25,29819588,24,6501675,15,16390
25,29819588,24,6501677,15,16389
25,29819588,24,6501678,15,16389
25,29819588,24,6501679,15,16385
25,29819588,24,6501681,15,16388
25,29819588,24,6501682,15,16385
25,29819589,24,6501631,15,16379
25,29819589,24,6501632,15,16382
25,29819590,24,6501632,15,16382
25,29819590,24,6501636,15,16385
25,29819590,24,6501636,15,16386
25,29819590,24,6501665,15,16381
25,29819590,24,6501665,15,16382
25,29819590,24,6501681,15,16384
25,29819590,24,6501691,15,16387
25,29819591,24,6501627,15,16379
25,29819591,24,6501627,15,16382
25,29819591,24,6501627,15,16384
25,29819591,24,6501628,15,16384
25,29819591,24,6501651,15,16382
25,29819591,24,6501651,15,16384
25,29819591,24,6501688,15,16388
25,29819592,24,6501633,15,16382
25,29819592,24,6501635,15,16382
25,29819592,24,6501667,15,16381
25,29819592,24,6501667,15,16382
25,29819592,24,6501678,15,16381
25,29819593,24,6501653,15,16385
25,29819593,24,6501656,15,16380
25,29819594,24,6501654,15,16379
25,29819595,24,6501649,15,16385
25,29819595,24,6501650,15,16385
25,29819595,24,6501690,15,16389
25,29819595,24,6501692,15,16390
25,29819596,24,6501645,15,16381
25,29819596,24,6501645,15,16382
25,29819596,24,6501645,15,16386
25,29819596,24,6501646,15,16382
25,29819596,24,6501649,15,16379
25,29819596,24,6501651,15,16380
25,29819596,24,6501653,15,16381
25,29819596,24,6501654,15,16381
25,29819596,24,6501658,15,16382
25,29819597,24,6501635,15,16380
25,29819597,24,6501641,15,16382
25,29819597,24,6501665,15,16381
25,29819597,24,6501665,15,16382
25,29819597,24,6501665,15,16386
25,29819597,24,6501691,15,16391
25,29819597,24,6501692,15,16391
25,29819598,24,6501624,15,16379
25,29819598,24,6501633,15,16380
25,29819598,24,6501635,15,16379
25,29819598,24,6501635,15,16380
25,29819598,24,6501637,15,16381
25,29819598,24,6501637,15,16382
25,29819598,24,6501642,15,16379
25,29819598,24,6501645,15,16380
25,29819598,24,6501647,15,16381
25,29819598,24,6501647,15,16382
25,29819598,24,6501648,15,16381
25,29819598,24,6501653,15,16382
25,29819598,24,6501653,15,16386
25,29819598,24,6501654,15,16386
25,29819598,24,6501657,15,16379
25,29819598,24,6501663,15,16380
25,29819598,24,6501664,15,16387
25,29819598,24,6501670,15,16380
25,29819598,24,6501673,15,16390
25,29819598,24,6501674,15,16381
25,29819598,24,6501674,15,16382
25,29819598,24,6501681,15,16381
25,29819598,24,6501687,15,16382
25,29819598,24,6501687,15,16386
25,29819598,24,6501688,15,16381
25,29819598,24,6501688,15,16382
25,29819598,24,6501691,15,16392
25,29819598,24,6501692,15,16394
25,29819600,24,6501644,15,16379
25,29819600,24,6501645,15,16380
25,29819600,24,6501664,15,16386
25,29819601,24,6501623,15,16380
25,29819601,24,6501644,15,16382
25,29819601,24,6501646,15,16384
25,29819601,24,6501647,15,16385
25,29819601,24,6501648,15,16385
25,29819601,24,6501649,15,16386
25,29819601,24,6501653,15,16389
25,29819602,24,6501623,15,16379
25,29819602,24,6501623,15,16382
25,29819602,24,6501623,15,16384
25,29819602,24,6501624,15,16379
25,29819602,24,6501639,15,16379
25,29819602,24,6501642,15,16381
25,29819602,24,6501663,15,16381
25,29819602,24,6501663,15,16382
25,29819602,24,6501678,15,16380
25,29819603,24,6501635,15,16385
25,29819603,24,6501640,15,16382
25,29819603,24,6501641,15,16384
25,29819603,24,6501642,15,16384
25,29819603,24,6501644,15,16385
25,29819603,24,6501645,15,16386
25,29819603,24,6501648,15,16388
25,29819603,24,6501649,15,16389
25,29819603,24,6501651,15,16392
25,29819603,24,6501653,15,16392
25,29819603,24,6501657,15,16381
25,29819603,24,6501670,15,16381
25,29819603,24,6501670,15,16382
25,29819603,24,6501692,15,16396
25,29819604,24,6501650,15,16392
25,29819604,24,6501656,15,16381
25,29819604,24,6501657,15,16380
25,29819604,24,6501672,15,16380
25,29819605,24,6501638,15,16384
25,29819605,24,6501639,15,16385
25,29819605,24,6501641,15,16386
25,29819605,24,6501642,15,16387
25,29819605,24,6501644,15,16388
25,29819605,24,6501645,15,16389
25,29819605,24,6501645,15,16394
25,29819605,24,6501646,15,16394
25,29819605,24,6501648,15,16395
25,29819605,24,6501669,15,16385
25,29819605,24,6501669,15,16388
25,29819605,24,6501669,15,16390
25,29819605,24,6501670,15,16390
25,29819605,24,6501673,15,16391
25,29819605,24,6501675,15,16392
25,29819606,24,6501692,15,16395
25,29819606,24,6501693,15,16396
25,29819607,24,6501637,15,16386
25,29819607,24,6501639,15,16388
25,29819607,24,6501640,15,16388
25,29819607,24,6501641,15,16393
25,29819607,24,6501641,15,16394
25,29819607,24,6501644,15,16400
25,29819607,24,6501645,15,16401
25,29819607,24,6501646,15,16398
25,29819607,24,6501664,15,16381
25,29819607,24,6501664,15,16382
25,29819607,24,6501664,15,16386
25,29819607,24,6501664,15,16389
25,29819607,24,6501665,15,16388
25,29819607,24,6501665,15,16390
25,29819607,24,6501666,15,16387
25,29819607,24,6501666,15,16388
25,29819607,24,6501666,15,16390
25,29819607,24,6501672,15,16392
25,29819607,24,6501690,15,16390
25,29819608,24,6501670,15,16392
25,29819608,24,6501673,15,16391
25,29819609,24,6501633,15,16381
25,29819609,24,6501633,15,16382
25,29819609,24,6501639,15,16395
25,29819609,24,6501640,15,16395
25,29819609,24,6501641,15,16398
25,29819609,24,6501642,15,16401
25,29819609,24,6501644,15,16402
25,29819609,24,6501659,15,16381
25,29819609,24,6501659,15,16382
25,29819609,24,6501660,15,16381
25,29819609,24,6501660,15,16382
25,29819609,24,6501660,15,16386
25,29819609,24,6501660,15,16389
25,29819609,24,6501661,15,16388
25,29819609,24,6501661,15,16390
25,29819609,24,6501667,15,16392
25,29819609,24,6501694,15,16393
25,29819610,24,6501666,15,16392
25,29819610,24,6501672,15,16385
25,29819610,24,6501672,15,16388
25,29819610,24,6501672,15,16390
25,29819610,24,6501673,15,16384
25,29819610,24,6501673,15,16389
25,29819610,24,6501674,15,16389
25,29819610,24,6501694,15,16391
25,29819610,24,6501694,15,16393
25,29819611,24,6501641,15,16401
25,29819611,24,6501642,15,16402
25,29819611,24,6501645,15,16403
25,29819611,24,6501649,15,16396
25,29819611,24,6501650,15,16396
25,29819611,24,6501655,15,16389
25,29819611,24,6501657,15,16390
25,29819611,24,6501660,15,16391
25,29819611,24,6501663,15,16392
25,29819611,24,6501687,15,16382
25,29819611,24,6501691,15,16391
25,29819612,24,6501635,15,16384
25,29819612,24,6501661,15,16392
25,29819612,24,6501664,15,16391
25,29819612,24,6501667,15,16390
25,29819612,24,6501668,15,16387
25,29819612,24,6501668,15,16388
25,29819612,24,6501691,15,16391
25,29819612,24,6501692,15,16391
25,29819613,24,6501641,15,16403
25,29819613,24,6501645,15,16409
25,29819613,24,6501650,15,16398
25,29819613,24,6501653,15,16393
25,29819613,24,6501654,15,16393
25,29819613,24,6501656,15,16391
25,29819614,24,6501657,15,16392
25,29819614,24,6501658,15,16392
25,29819614,24,6501659,15,16391
25,29819614,24,6501660,15,16391
25,29819614,24,6501663,15,16390
25,29819615,24,6501632,15,16385
25,29819615,24,6501644,15,16410
25,29819615,24,6501651,15,16394
25,29819615,24,6501653,15,16394
25,29819615,24,6501654,15,16395
25,29819615,24,6501678,15,16382
25,29819616,24,6501653,15,16395
25,29819616,24,6501655,15,16394
25,29819616,24,6501656,15,16391
25,29819616,24,6501660,15,16387
25,29819616,24,6501660,15,16389
25,29819616,24,6501664,15,16389
25,29819616,24,6501676,15,16381
25,29819617,24,6501632,15,16387
25,29819617,24,6501667,15,16386
25,29819618,24,6501626,15,16382
25,29819618,24,6501627,15,16379
25,29819618,24,6501631,15,16382
25,29819618,24,6501631,15,16386
25,29819618,24,6501632,15,16387
25,29819618,24,6501635,15,16379
25,29819618,24,6501636,15,16379
25,29819618,24,6501637,15,16382
25,29819618,24,6501637,15,16384
25,29819618,24,6501641,15,16399
25,29819618,24,6501641,15,16402
25,29819618,24,6501642,15,16382
25,29819618,24,6501646,15,16410
25,29819618,24,6501648,15,16399
25,29819618,24,6501648,15,16402
25,29819618,24,6501650,15,16396
25,29819618,24,6501653,15,16382
25,29819618,24,6501654,15,16393
25,29819618,24,6501656,15,16387
25,29819618,24,6501663,15,16382
25,29819618,24,6501664,15,16388
25,29819618,24,6501668,15,16386
25,29819618,24,6501670,15,16382
25,29819618,24,6501681,15,16381
25,29819618,24,6501683,15,16382
25,29819618,24,6501688,15,16382
25,29819618,24,6501691,15,16390
25,29819618,24,6501692,15,16391
25,29819620,24,6501645,15,16410
25,29819620,24,6501646,15,16410
25,29819620,24,6501653,15,16391
25,29819620,24,6501653,15,16392
25,29819620,24,6501681,15,16381
25,29819620,24,6501692,15,16390
25,29819621,24,6501659,15,16386
25,29819621,24,6501660,15,16387
25,29819621,24,6501665,15,16388
25,29819622,24,6501639,15,16398
25,29819622,24,6501644,15,16409
25,29819622,24,6501645,15,16408
25,29819622,24,6501648,15,16403
25,29819622,24,6501654,15,16391
25,29819622,24,6501654,15,16392
25,29819622,24,6501691,15,16388
25,29819623,24,6501626,15,16385
25,29819623,24,6501657,15,16387
25,29819623,24,6501659,15,16389
25,29819623,24,6501695,15,16389
25,29819624,24,6501639,15,16395
25,29819624,24,6501639,15,16396
25,29819624,24,6501644,15,16403
25,29819624,24,6501644,15,16405
25,29819624,24,6501648,15,16401
25,29819624,24,6501649,15,16399
25,29819624,24,6501659,15,16389
25,29819624,24,6501665,15,16384
25,29819626,24,6501647,15,16401
25,29819626,24,6501648,15,16398
25,29819626,24,6501649,15,16395
25,29819626,24,6501650,15,16395
25,29819626,24,6501658,15,16387
25,29819626,24,6501663,15,16388
25,29819627,24,6501628,15,16382
25,29819627,24,6501628,15,16384
25,29819627,24,6501653,15,16392
25,29819627,24,6501654,15,16392
25,29819628,24,6501645,15,16400
25,29819628,24,6501646,15,16395
25,29819628,24,6501646,15,16400
25,29819628,24,6501648,15,16393
25,29819628,24,6501648,15,16394
25,29819628,24,6501651,15,16392
25,29819628,24,6501653,15,16389
25,29819628,24,6501654,15,16389
25,29819628,24,6501655,15,16388
25,29819628,24,6501656,15,16388
25,29819628,24,6501692,15,16386
25,29819629,24,6501627,15,16390
25,29819629,24,6501635,15,16380
25,29819629,24,6501696,15,16390
25,29819630,24,6501627,15,16387
25,29819630,24,6501641,15,16395
25,29819630,24,6501648,15,16392
25,29819630,24,6501649,15,16389
25,29819630,24,6501654,15,16386
25,29819630,24,6501656,15,16385
25,29819630,24,6501657,15,16384
25,29819630,24,6501658,15,16384
25,29819632,24,6501645,15,16392
25,29819632,24,6501646,15,16389
25,29819632,24,6501647,15,16388
25,29819632,24,6501648,15,16387
25,29819632,24,6501654,15,16384
25,29819632,24,6501695,15,16389
25,29819632,24,6501696,15,16389
25,29819633,24,6501629,15,16382
25,29819633,24,6501629,15,16384
25,29819634,24,6501627,15,16381
25,29819634,24,6501627,15,16382
25,29819634,24,6501627,15,16384
25,29819634,24,6501628,15,16381
25,29819634,24,6501628,15,16382
25,29819634,24,6501628,15,16384
25,29819634,24,6501641,15,16391
25,29819634,24,6501641,15,16392
25,29819634,24,6501642,15,16389
25,29819634,24,6501644,15,16388
25,29819634,24,6501646,15,16386
25,29819635,24,6501650,15,16389
25,29819636,24,6501627,15,16379
25,29819636,24,6501641,15,16388
25,29819636,24,6501647,15,16385
25,29819636,24,6501648,15,16385
25,29819636,24,6501651,15,16388
25,29819636,24,6501653,15,16387
25,29819636,24,6501653,15,16388
25,29819637,24,6501639,15,16387
25,29819639,24,6501627,15,16380
25,29819639,24,6501632,15,16389
25,29819639,24,6501637,15,16382
25,29819639,24,6501638,15,16381
25,29819639,24,6501639,15,16385
25,29819639,24,6501639,15,16390
25,29819639,24,6501640,15,16385
25,29819639,24,6501640,15,16388
25,29819639,24,6501642,15,16382
25,29819639,24,6501642,15,16384
25,29819639,24,6501653,15,16382
25,29819639,24,6501658,15,16387
25,29819639,24,6501663,15,16382
25,29819639,24,6501670,15,16382
25,29819639,24,6501681,15,16382
25,29819639,24,6501688,15,16382
25,29819640,24,6501635,15,16380
25,29819640,24,6501645,15,16384
25,29819642,24,6501637,15,16385
25,29819642,24,6501640,15,16390
25,29819642,24,6501658,15,16387
25,29819642,24,6501666,15,16386
25,29819642,24,6501688,15,16382
25,29819643,24,6501667,15,16388
25,29819644,24,6501632,15,16390
25,29819644,24,6501639,15,16388
25,29819644,24,6501641,15,16388
25,29819644,24,6501684,15,16382
25,29819645,24,6501661,15,16388
25,29819646,24,6501633,15,16390
25,29819646,24,6501641,15,16386
25,29819646,24,6501642,15,16387
25,29819646,24,6501679,15,16382
25,29819648,24,6501632,15,16389
25,29819648,24,6501654,15,16391
25,29819648,24,6501661,15,16387
25,29819648,24,6501661,15,16388
25,29819648,24,6501675,15,16382
25,29819650,24,6501670,15,16382
25,29819651,24,6501629,15,16385
25,29819651,24,6501630,15,16381
25,29819651,24,6501630,15,16382
25,29819651,24,6501650,15,16388
25,29819652,24,6501629,15,16385
25,29819652,24,6501648,15,16387
25,29819654,24,6501631,15,16381
25,29819654,24,6501631,15,16382
25,29819654,24,6501631,15,16384
25,29819654,24,6501632,15,16384
25,29819654,24,6501663,15,16382
25,29819654,24,6501663,15,16384
25,29819656,24,6501637,15,16385
25,29819656,24,6501657,15,16382
25,29819659,24,6501632,15,16380
25,29819659,24,6501633,15,16381
25,29819659,24,6501633,15,16382
25,29819659,24,6501635,15,16381
25,29819659,24,6501635,15,16382
25,29819659,24,6501635,15,16388
25,29819659,24,6501642,15,16382
25,29819659,24,6501646,15,16388
25,29819659,24,6501653,15,16382
25,29819659,24,6501654,15,16382
25,29819660,24,6501633,15,16389
25,29819660,24,6501636,15,16385
25,29819660,24,6501651,15,16382
25,29819661,24,6501635,15,16389
25,29819662,24,6501635,15,16388
25,29819662,24,6501646,15,16386
25,29819662,24,6501647,15,16382
25,29819664,24,6501642,15,16382
25,29819668,24,6501633,15,16381
25,29819618,25,13003286,11,1024
25,29819618,25,13003286,12,2050
25,29819618,25,13003304,12,2048
25,29819574,25,13003365,13,4096
25,29819577,25,13003345,13,4096
25,29819581,25,13003354,13,4096
25,29819581,25,13003379,13,4097
25,29819581,25,13003379,13,4098
25,29819583,25,13003355,13,4096
25,29819586,25,13003372,13,4096
25,29819591,25,13003375,13,4096
25,29819592,25,13003375,13,4096
25,29819594,25,13003340,13,4096
25,29819598,25,13003341,13,4096
25,29819598,25,13003343,13,4096
25,29819598,25,13003350,13,4096
25,29819598,25,13003379,13,4096
25,29819598,25,13003386,13,4097
25,29819598,25,13003386,13,4098
25,29819601,25,13003351,13,4096
25,29819605,25,13003352,13,4096
25,29819608,25,13003352,13,4096
25,29819609,25,13003284,13,4099
25,29819616,25,13003319,13,4096
25,29819617,25,13003336,13,4096
25,29819618,25,13003286,13,4102
25,29819618,25,13003325,13,4096
25,29819618,25,13003377,13,4096
25,29819618,25,13003379,13,4096
25,29819622,25,13003325,13,4096
25,29819622,25,13003379,13,4096
25,29819626,25,13003320,13,4096
25,29819626,25,13003325,13,4096
25,29819631,25,13003335,13,4096
25,29819632,25,13003387,13,4096
25,29819633,25,13003394,13,4096
25,29819641,25,13003335,13,4096
25,29819645,25,13003309,13,4096
25,29819645,25,13003327,13,4096
25,29819649,25,13003298,13,4096
25,29819659,25,13003268,13,4096
25,29819659,25,13003291,13,4096
25,29819659,25,13003294,13,4096
25,29819565,25,13003372,14,8196
25,29819567,25,13003379,14,8196
25,29819569,25,13003345,14,8190
25,29819569,25,13003348,14,8190
25,29819569,25,13003348,14,8192
25,29819569,25,13003351,14,8192
25,29819569,25,13003379,14,8194
25,29819572,25,13003376,14,8198
25,29819575,25,13003381,14,8193
25,29819575,25,13003381,14,8195
25,29819577,25,13003328,14,8190
25,29819577,25,13003328,14,8192
25,29819577,25,13003346,14,8192
25,29819578,25,13003355,14,8192
25,29819578,25,13003358,14,8192
25,29819578,25,13003374,14,8196
25,29819579,25,13003301,14,8190
25,29819579,25,13003304,14,8190
25,29819579,25,13003304,14,8192
25,29819579,25,13003329,14,8190
25,29819579,25,13003330,14,8190
25,29819579,25,13003344,14,8195
25,29819581,25,13003304,14,8190
25,29819581,25,13003304,14,8192
25,29819581,25,13003325,14,8190
25,29819581,25,13003325,14,8192
25,29819581,25,13003343,14,8190
25,29819581,25,13003345,14,8195
25,29819581,25,13003345,14,8196
25,29819581,25,13003361,14,8190
25,29819581,25,13003365,14,8192
25,29819581,25,13003375,14,8196
25,29819581,25,13003376,14,8192
25,29819581,25,13003379,14,8193
25,29819582,25,13003320,14,8190
25,29819582,25,13003345,14,8193
25,29819582,25,13003346,14,8194
25,29819582,25,13003377,14,8198
25,29819583,25,13003289,14,8192
25,29819583,25,13003292,14,8190
25,29819583,25,13003358,14,8192
25,29819584,25,13003302,14,8190
25,29819584,25,13003376,14,8195
25,29819584,25,13003377,14,8196
25,29819584,25,13003383,14,8195
25,29819584,25,13003383,14,8196
25,29819585,25,13003279,14,8190
25,29819586,25,13003276,14,8190
25,29819586,25,13003276,14,8192
25,29819586,25,13003284,14,8192
25,29819586,25,13003295,14,8190
25,29819586,25,13003299,14,8190
25,29819586,25,13003300,14,8190
25,29819586,25,13003326,14,8192
25,29819586,25,13003367,14,8192
25,29819586,25,13003379,14,8196
25,29819586,25,13003380,14,8196
25,29819586,25,13003381,14,8195
25,29819587,25,13003271,14,8190
25,29819587,25,13003271,14,8192
25,29819587,25,13003274,14,8190
25,29819588,25,13003279,14,8190
25,29819588,25,13003286,14,8190
25,29819588,25,13003288,14,8190
25,29819588,25,13003293,14,8190
25,29819588,25,13003327,14,8192
25,29819588,25,13003361,14,8193
25,29819588,25,13003364,14,8193
25,29819590,25,13003274,14,8190
25,29819591,25,13003253,14,8190
25,29819591,25,13003256,14,8190
25,29819591,25,13003258,14,8190
25,29819591,25,13003297,14,8190
25,29819591,25,13003301,14,8190
25,29819591,25,13003304,14,8190
25,29819592,25,13003268,14,8190
25,29819592,25,13003268,14,8192
25,29819592,25,13003336,14,8192
25,29819594,25,13003286,14,8190
25,29819594,25,13003296,14,8192
25,29819595,25,13003327,14,8192
25,29819595,25,13003328,14,8192
25,29819596,25,13003289,14,8190
25,29819596,25,13003289,14,8192
25,29819596,25,13003304,14,8190
25,29819597,25,13003329,14,8192
25,29819597,25,13003381,14,8195
25,29819597,25,13003386,14,8195
25,29819597,25,13003386,14,8196
25,29819598,25,13003274,14,8192
25,29819598,25,13003284,14,8190
25,29819598,25,13003304,14,8192
25,29819598,25,13003319,14,8190
25,29819598,25,13003327,14,8192
25,29819598,25,13003343,14,8190
25,29819598,25,13003361,14,8190
25,29819598,25,13003381,14,8195
25,29819598,25,13003386,14,8193
25,29819601,25,13003387,14,8194
25,29819602,25,13003245,14,8190
25,29819602,25,13003248,14,8190
25,29819602,25,13003381,14,8195
25,29819604,25,13003267,14,8190
25,29819604,25,13003267,14,8192
25,29819604,25,13003341,14,8190
25,29819604,25,13003343,14,8190
25,29819605,25,13003335,14,8192
25,29819605,25,13003352,14,8194
25,29819605,25,13003388,14,8193
25,29819605,25,13003388,14,8197
25,29819605,25,13003388,14,8198
25,29819606,25,13003333,14,8190
25,29819606,25,13003336,14,8190
25,29819606,25,13003375,14,8192
25,29819606,25,13003388,14,8198
25,29819607,25,13003263,14,8190
25,29819607,25,13003264,14,8190
25,29819607,25,13003283,14,8195
25,29819607,25,13003286,14,8195
25,29819607,25,13003294,14,8198
25,29819607,25,13003297,14,8198
25,29819607,25,13003327,14,8192
25,29819607,25,13003330,14,8192
25,29819608,25,13003325,14,8190
25,29819608,25,13003328,14,8190
25,29819608,25,13003351,14,8193
25,29819609,25,13003261,14,8190
25,29819609,25,13003278,14,8195
25,29819609,25,13003319,14,8192
25,29819609,25,13003389,14,8193
25,29819610,25,13003341,14,8193
25,29819610,25,13003343,14,8193
25,29819610,25,13003377,14,8194
25,29819610,25,13003389,14,8193
25,29819610,25,13003389,14,8194
25,29819611,25,13003260,14,8190
25,29819611,25,13003281,14,8200
25,29819611,25,13003292,14,8202
25,29819612,25,13003260,14,8190
25,29819612,25,13003276,14,8195
25,29819612,25,13003276,14,8196
25,29819612,25,13003388,14,8192
25,29819613,25,13003295,14,8202
25,29819613,25,13003390,14,8192
25,29819614,25,13003280,14,8200
25,29819615,25,13003302,14,8198
25,29819616,25,13003284,14,8203
25,29819616,25,13003319,14,8194
25,29819616,25,13003320,14,8192
25,29819617,25,13003356,14,8192
25,29819617,25,13003391,14,8192
25,29819618,25,13003250,14,8192
25,29819618,25,13003261,14,8190
25,29819618,25,13003261,14,8192
25,29819618,25,13003277,14,8194
25,29819618,25,13003277,14,8197
25,29819618,25,13003277,14,8198
25,29819618,25,13003281,14,8200
25,29819618,25,13003283,14,8202
25,29819618,25,13003285,14,8203
25,29819618,25,13003285,14,8204
25,29819618,25,13003294,14,8203
25,29819618,25,13003294,14,8204
25,29819618,25,13003296,14,8202
25,29819618,25,13003298,14,8200
25,29819618,25,13003302,14,8197
25,29819618,25,13003304,14,8196
25,29819618,25,13003314,14,8194
25,29819618,25,13003321,14,8192
25,29819620,25,13003335,14,8192
25,29819620,25,13003336,14,8192
25,29819620,25,13003355,14,8192
25,29819620,25,13003356,14,8192
25,29819620,25,13003377,14,8192
25,29819621,25,13003295,14,8203
25,29819621,25,13003295,14,8204
25,29819621,25,13003320,14,8192
25,29819622,25,13003277,14,8194
25,29819622,25,13003289,14,8203
25,29819622,25,13003292,14,8203
25,29819623,25,13003299,14,8200
25,29819623,25,13003303,14,8196
25,29819623,25,13003326,14,8194
25,29819624,25,13003278,14,8194
25,29819624,25,13003284,14,8202
25,29819624,25,13003298,14,8200
25,29819624,25,13003321,14,8192
25,29819624,25,13003332,14,8192
25,29819624,25,13003385,14,8194
25,29819625,25,13003313,14,8195
25,29819625,25,13003328,14,8193
25,29819626,25,13003281,14,8198
25,29819627,25,13003255,14,8193
25,29819628,25,13003257,14,8190
25,29819628,25,13003257,14,8193
25,29819628,25,13003285,14,8198
25,29819628,25,13003286,14,8198
25,29819628,25,13003386,14,8192
25,29819630,25,13003280,14,8196
25,29819630,25,13003297,14,8195
25,29819630,25,13003307,14,8193
25,29819631,25,13003338,14,8193
25,29819632,25,13003281,14,8196
25,29819632,25,13003294,14,8195
25,29819632,25,13003294,14,8196
25,29819633,25,13003257,14,8190
25,29819633,25,13003260,14,8192
25,29819634,25,13003336,14,8192
25,29819635,25,13003299,14,8194
25,29819635,25,13003395,14,8193
25,29819636,25,13003263,14,8192
25,29819636,25,13003395,14,8192
25,29819637,25,13003317,14,8192
25,29819637,25,13003318,14,8192
25,29819639,25,13003263,14,8193
25,29819639,25,13003268,14,8190
25,29819639,25,13003277,14,8193
25,29819639,25,13003277,14,8194
25,29819639,25,13003282,14,8193
25,29819639,25,13003286,14,8192
25,29819639,25,13003299,14,8192
25,29819639,25,13003302,14,8192
25,29819640,25,13003260,14,8192
25,29819641,25,13003282,14,8194
25,29819641,25,13003315,14,8192
25,29819641,25,13003320,14,8192
25,29819641,25,13003332,14,8192
25,29819642,25,13003315,14,8192
25,29819643,25,13003270,14,8193
25,29819644,25,13003336,14,8192
25,29819645,25,13003309,14,8194
25,29819645,25,13003322,14,8193
25,29819646,25,13003270,14,8193
25,29819646,25,13003270,14,8194
25,29819646,25,13003288,14,8192
25,29819646,25,13003322,14,8192
25,29819647,25,13003306,14,8194
25,29819648,25,13003267,14,8193
25,29819648,25,13003306,14,8194
25,29819648,25,13003310,14,8195
25,29819649,25,13003338,14,8192
25,29819650,25,13003280,14,8192
25,29819651,25,13003302,14,8192
25,29819653,25,13003325,14,8192
25,29819653,25,13003329,14,8192
25,29819654,25,13003296,14,8192
25,29819654,25,13003301,14,8192
25,29819654,25,13003325,14,8192
25,29819654,25,13003326,14,8193
25,29819655,25,13003268,14,8193
25,29819655,25,13003272,14,8193
25,29819656,25,13003273,14,8193
25,29819657,25,13003266,14,8193
25,29819659,25,13003268,14,8194
25,29819662,25,13003294,14,8192
25,29819563,25,13003373,15,16384
25,29819563,25,13003374,15,16384
25,29819563,25,13003376,15,16385
25,29819565,25,13003363,15,16382
25,29819565,25,13003365,15,16384
25,29819565,25,13003370,15,16394
25,29819565,25,13003372,15,16391
25,29819565,25,13003372,15,16394
25,29819565,25,13003375,15,16388
25,29819565,25,13003376,15,16387
25,29819566,25,13003363,15,16382
25,29819566,25,13003364,15,16382
25,29819566,25,13003372,15,16395
25,29819567,25,13003356,15,16380
25,29819567,25,13003361,15,16380
25,29819567,25,13003365,15,16381
25,29819567,25,13003366,15,16381
25,29819567,25,13003373,15,16395
25,29819567,25,13003377,15,16393
25,29819567,25,13003377,15,16394
25,29819567,25,13003379,15,16391
25,29819567,25,13003379,15,16394
25,29819568,25,13003366,15,16382
25,29819568,25,13003371,15,16394
25,29819569,25,13003345,15,16382
25,29819569,25,13003345,15,16384
25,29819569,25,13003348,15,16382
25,29819569,25,13003350,15,16386
25,29819569,25,13003351,15,16381
25,29819569,25,13003351,15,16382
25,29819569,25,13003369,15,16382
25,29819569,25,13003371,15,16384
25,29819569,25,13003377,15,16397
25,29819569,25,13003379,15,16396
25,29819570,25,13003341,15,16382
25,29819570,25,13003368,15,16384
25,29819570,25,13003380,15,16395
25,29819571,25,13003340,15,16379
25,29819571,25,13003354,15,16387
25,29819571,25,13003354,15,16388
25,29819571,25,13003366,15,16380
25,29819571,25,13003366,15,16382
25,29819571,25,13003367,15,16385
25,29819571,25,13003369,15,16381
25,29819571,25,13003371,15,16382
25,29819571,25,13003373,15,16396
25,29819571,25,13003374,15,16396
25,29819571,25,13003380,15,16393
25,29819572,25,13003340,15,16380
25,29819572,25,13003343,15,16381
25,29819572,25,13003343,15,16382
25,29819572,25,13003354,15,16388
25,29819572,25,13003362,15,16381
25,29819572,25,13003376,15,16395
25,29819573,25,13003327,15,16379
25,29819573,25,13003330,15,16379
25,29819573,25,13003341,15,16379
25,29819573,25,13003349,15,16387
25,29819573,25,13003357,15,16387
25,29819573,25,13003358,15,16387
25,29819573,25,13003361,15,16386
25,29819573,25,13003368,15,16391
25,29819573,25,13003368,15,16392
25,29819573,25,13003370,15,16393
25,29819573,25,13003370,15,16394
25,29819573,25,13003372,15,16396
25,29819574,25,13003341,15,16380
25,29819574,25,13003355,15,16387
25,29819574,25,13003361,15,16386
25,29819574,25,13003365,15,16381
25,29819574,25,13003365,15,16382
25,29819574,25,13003365,15,16388
25,29819574,25,13003370,15,16394
25,29819574,25,13003373,15,16396
25,29819575,25,13003322,15,16380
25,29819575,25,13003322,15,16384
25,29819575,25,13003325,15,16381
25,29819575,25,13003325,15,16382
25,29819575,25,13003343,15,16379
25,29819575,25,13003349,15,16388
25,29819575,25,13003381,15,16388
25,29819575,25,13003381,15,16392
25,29819576,25,13003367,15,16389
25,29819576,25,13003367,15,16390
25,29819576,25,13003368,15,16391
25,29819576,25,13003369,15,16392
25,29819577,25,13003316,15,16385
25,29819577,25,13003318,15,16386
25,29819577,25,13003320,15,16384
25,29819577,25,13003325,15,16386
25,29819577,25,13003326,15,16386
25,29819577,25,13003328,15,16382
25,29819577,25,13003345,15,16381
25,29819577,25,13003345,15,16382
25,29819577,25,13003346,15,16381
25,29819577,25,13003346,15,16382
25,29819577,25,13003351,15,16389
25,29819577,25,13003352,15,16389
25,29819577,25,13003379,15,16395
25,29819578,25,13003312,15,16385
25,29819578,25,13003343,15,16379
25,29819578,25,13003355,15,16381
25,29819578,25,13003355,15,16382
25,29819578,25,13003355,15,16386
25,29819578,25,13003358,15,16381
25,29819578,25,13003358,15,16382
25,29819578,25,13003358,15,16386
25,29819578,25,13003366,15,16380
25,29819578,25,13003373,15,16391
25,29819578,25,13003374,15,16394
25,29819579,25,13003301,15,16379
25,29819579,25,13003304,15,16382
25,29819579,25,13003304,15,16386
25,29819579,25,13003307,15,16386
25,29819579,25,13003310,15,16379
25,29819579,25,13003325,15,16387
25,29819579,25,13003326,15,16387
25,29819579,25,13003329,15,16382
25,29819579,25,13003330,15,16382
25,29819579,25,13003330,15,16384
25,29819579,25,13003340,15,16380
25,29819579,25,13003343,15,16381
25,29819579,25,13003343,15,16382
25,29819579,25,13003343,15,16385
25,29819579,25,13003343,15,16386
25,29819579,25,13003344,15,16389
25,29819579,25,13003344,15,16392
25,29819579,25,13003345,15,16393
25,29819579,25,13003345,15,16394
25,29819579,25,13003346,15,16394
25,29819579,25,13003347,15,16392
25,29819579,25,13003354,15,16387
25,29819579,25,13003363,15,16381
25,29819579,25,13003379,15,16396
25,29819579,25,13003382,15,16396
25,29819581,25,13003304,15,16379
25,29819581,25,13003304,15,16382
25,29819581,25,13003304,15,16386
25,29819581,25,13003313,15,16385
25,29819581,25,13003325,15,16379
25,29819581,25,13003325,15,16382
25,29819581,25,13003325,15,16386
25,29819581,25,13003339,15,16380
25,29819581,25,13003343,15,16382
25,29819581,25,13003343,15,16385
25,29819581,25,13003343,15,16386
25,29819581,25,13003345,15,16394
25,29819581,25,13003346,15,16394
25,29819581,25,13003354,15,16381
25,29819581,25,13003354,15,16382
25,29819581,25,13003362,15,16380
25,29819581,25,13003363,15,16382
25,29819581,25,13003363,15,16387
25,29819581,25,13003365,15,16386
25,29819581,25,13003369,15,16390
25,29819581,25,13003370,15,16381
25,29819581,25,13003375,15,16394
25,29819581,25,13003379,15,16396
25,29819581,25,13003382,15,16395
25,29819581,25,13003382,15,16396
25,29819582,25,13003304,15,16385
25,29819582,25,13003318,15,16386
25,29819582,25,13003320,15,16382
25,29819582,25,13003322,15,16384
25,29819582,25,13003325,15,16385
25,29819582,25,13003338,15,16379
25,29819582,25,13003345,15,16388
25,29819582,25,13003346,15,16390
25,29819582,25,13003375,15,16391
25,29819582,25,13003376,15,16394
25,29819582,25,13003380,15,16396
25,29819583,25,13003289,15,16379
25,29819583,25,13003289,15,16381
25,29819583,25,13003289,15,16382
25,29819583,25,13003292,15,16382
25,29819583,25,13003292,15,16384
25,29819583,25,13003293,15,16386
25,29819583,25,13003331,15,16385
25,29819583,25,13003334,15,16385
25,29819583,25,13003355,15,16381
25,29819583,25,13003355,15,16382
25,29819583,25,13003358,15,16382
25,29819583,25,13003358,15,16386
25,29819583,25,13003358,15,16388
25,29819583,25,13003361,15,16389
25,29819583,25,13003364,15,16389
25,29819583,25,13003368,15,16390
25,29819583,25,13003377,15,16385
25,29819584,25,13003284,15,16386
25,29819584,25,13003290,15,16386
25,29819584,25,13003298,15,16385
25,29819584,25,13003301,15,16385
25,29819584,25,13003302,15,16382
25,29819584,25,13003302,15,16384
25,29819584,25,13003307,15,16382
25,29819584,25,13003313,15,16382
25,29819584,25,13003313,15,16384
25,29819584,25,13003336,15,16379
25,29819584,25,13003371,15,16389
25,29819584,25,13003376,15,16389
25,29819584,25,13003377,15,16394
25,29819584,25,13003379,15,16395
25,29819584,25,13003380,15,16395
25,29819584,25,13003383,15,16389
25,29819584,25,13003383,15,16394
25,29819585,25,13003279,15,16379
25,29819585,25,13003279,15,16382
25,29819585,25,13003279,15,16384
25,29819585,25,13003282,15,16385
25,29819585,25,13003294,15,16386
25,29819585,25,13003338,15,16381
25,29819585,25,13003338,15,16382
25,29819585,25,13003350,15,16388
25,29819585,25,13003361,15,16390
25,29819585,25,13003362,15,16390
25,29819585,25,13003379,15,16384
25,29819586,25,13003276,15,16382
25,29819586,25,13003281,15,16384
25,29819586,25,13003294,15,16385
25,29819586,25,13003294,15,16386
25,29819586,25,13003326,15,16381
25,29819586,25,13003326,15,16382
25,29819586,25,13003327,15,16386
25,29819586,25,13003336,15,16385
25,29819586,25,13003357,15,16390
25,29819586,25,13003361,15,16390
25,29819586,25,13003366,15,16389
25,29819586,25,13003367,15,16386
25,29819586,25,13003369,15,16388
25,29819586,25,13003372,15,16388
25,29819586,25,13003377,15,16384
25,29819586,25,13003379,15,16394
25,29819586,25,13003380,15,16394
25,29819586,25,13003381,15,16389
25,29819587,25,13003271,15,16382
25,29819587,25,13003271,15,16386
25,29819587,25,13003271,15,16388
25,29819587,25,13003272,15,16388
25,29819587,25,13003274,15,16379
25,29819587,25,13003274,15,16382
25,29819587,25,13003339,15,16384
25,29819587,25,13003339,15,16388
25,29819587,25,13003343,15,16384
25,29819587,25,13003343,15,16387
25,29819587,25,13003343,15,16389
25,29819587,25,13003343,15,16390
25,29819587,25,13003381,15,16384
25,29819587,25,13003382,15,16385
25,29819587,25,13003383,15,16386
25,29819587,25,13003384,15,16387
25,29819587,25,13003384,15,16388
25,29819588,25,13003268,15,16386
25,29819588,25,13003273,15,16387
25,29819588,25,13003273,15,16388
25,29819588,25,13003285,15,16384
25,29819588,25,13003286,15,16382
25,29819588,25,13003286,15,16384
25,29819588,25,13003288,15,16382
25,29819588,25,13003288,15,16384
25,29819588,25,13003293,15,16382
25,29819588,25,13003293,15,16384
25,29819588,25,13003329,15,16385
25,29819588,25,13003332,15,16386
25,29819588,25,13003337,15,16381
25,29819588,25,13003337,15,16382
25,29819588,25,13003338,15,16381
25,29819588,25,13003338,15,16382
25,29819588,25,13003349,15,16390
25,29819588,25,13003352,15,16390
25,29819588,25,13003358,15,16389
25,29819588,25,13003361,15,16385
25,29819588,25,13003361,15,16388
25,29819588,25,13003364,15,16388
25,29819588,25,13003371,15,16382
25,29819589,25,13003261,15,16379
25,29819589,25,13003264,15,16379
25,29819589,25,13003381,15,16382
25,29819590,25,13003272,15,16387
25,29819590,25,13003327,15,16379
25,29819590,25,13003331,15,16384
25,29819590,25,13003332,15,16381
25,29819590,25,13003332,15,16382
25,29819590,25,13003332,15,16384
25,29819590,25,13003339,15,16381
25,29819590,25,13003339,15,16382
25,29819590,25,13003339,15,16384
25,29819590,25,13003339,15,16387
25,29819590,25,13003339,15,16388
25,29819590,25,13003349,15,16389
25,29819590,25,13003350,15,16389
25,29819590,25,13003364,15,16384
25,29819590,25,13003381,15,16387
25,29819591,25,13003253,15,16379
25,29819591,25,13003253,15,16382
25,29819591,25,13003253,15,16384
25,29819591,25,13003256,15,16379
25,29819591,25,13003256,15,16382
25,29819591,25,13003258,15,16382
25,29819591,25,13003297,15,16382
25,29819591,25,13003301,15,16382
25,29819591,25,13003301,15,16384
25,29819591,25,13003304,15,16382
25,29819591,25,13003304,15,16384
25,29819591,25,13003336,15,16385
25,29819591,25,13003336,15,16386
25,29819591,25,13003373,15,16381
25,29819591,25,13003377,15,16389
25,29819591,25,13003383,15,16385
25,29819591,25,13003385,15,16387
25,29819591,25,13003385,15,16388
25,29819592,25,13003249,15,16384
25,29819592,25,13003256,15,16384
25,29819592,25,13003268,15,16382
25,29819592,25,13003270,15,16384
25,29819592,25,13003326,15,16379
25,29819592,25,13003336,15,16381
25,29819592,25,13003336,15,16382
25,29819592,25,13003341,15,16389
25,29819592,25,13003355,15,16381
25,29819592,25,13003364,15,16382
25,29819592,25,13003373,15,16382
25,29819592,25,13003374,15,16382
25,29819592,25,13003376,15,16388
25,29819593,25,13003286,15,16384
25,29819593,25,13003288,15,16384
25,29819593,25,13003289,15,16385
25,29819593,25,13003290,15,16386
25,29819593,25,13003291,15,16385
25,29819593,25,13003304,15,16385
25,29819593,25,13003308,15,16385
25,29819593,25,13003310,15,16385
25,29819593,25,13003375,15,16381
25,29819593,25,13003383,15,16384
25,29819593,25,13003384,15,16385
25,29819593,25,13003385,15,16386
25,29819594,25,13003286,15,16382
25,29819594,25,13003286,15,16384
25,29819594,25,13003296,15,16382
25,29819594,25,13003304,15,16386
25,29819594,25,13003307,15,16379
25,29819594,25,13003310,15,16379
25,29819594,25,13003310,15,16385
25,29819594,25,13003340,15,16381
25,29819594,25,13003340,15,16382
25,29819594,25,13003340,15,16388
25,29819594,25,13003344,15,16390
25,29819594,25,13003375,15,16382
25,29819595,25,13003297,15,16385
25,29819595,25,13003327,15,16381
25,29819595,25,13003327,15,16382
25,29819595,25,13003328,15,16381
25,29819595,25,13003328,15,16382
25,29819595,25,13003379,15,16389
25,29819595,25,13003382,15,16389
25,29819595,25,13003383,15,16382
25,29819595,25,13003385,15,16385
25,29819595,25,13003386,15,16386
25,29819596,25,13003289,15,16382
25,29819596,25,13003289,15,16386
25,29819596,25,13003291,15,16380
25,29819596,25,13003300,15,16379
25,29819596,25,13003301,15,16380
25,29819596,25,13003310,15,16381
25,29819596,25,13003325,15,16379
25,29819596,25,13003379,15,16389
25,29819597,25,13003268,15,16380
25,29819597,25,13003284,15,16382
25,29819597,25,13003294,15,16380
25,29819597,25,13003320,15,16381
25,29819597,25,13003320,15,16382
25,29819597,25,13003329,15,16381
25,29819597,25,13003329,15,16382
25,29819597,25,13003329,15,16386
25,29819597,25,13003330,15,16387
25,29819597,25,13003349,15,16389
25,29819597,25,13003375,15,16387
25,29819597,25,13003383,15,16392
25,29819597,25,13003385,15,16394
25,29819597,25,13003386,15,16394
25,29819598,25,13003250,15,16379
25,29819598,25,13003265,15,16380
25,29819598,25,13003268,15,16379
25,29819598,25,13003268,15,16380
25,29819598,25,13003273,15,16381
25,29819598,25,13003283,15,16382
25,29819598,25,13003284,15,16382
25,29819598,25,13003286,15,16379
25,29819598,25,13003292,15,16379
25,29819598,25,13003293,15,16381
25,29819598,25,13003293,15,16382
25,29819598,25,13003296,15,16380
25,29819598,25,13003298,15,16381
25,29819598,25,13003304,15,16382
25,29819598,25,13003308,15,16387
25,29819598,25,13003310,15,16384
25,29819598,25,13003311,15,16381
25,29819598,25,13003312,15,16381
25,29819598,25,13003313,15,16379
25,29819598,25,13003319,15,16382
25,29819598,25,13003320,15,16381
25,29819598,25,13003325,15,16380
25,29819598,25,13003327,15,16381
25,29819598,25,13003327,15,16382
25,29819598,25,13003327,15,16386
25,29819598,25,13003330,15,16387
25,29819598,25,13003341,15,16381
25,29819598,25,13003341,15,16382
25,29819598,25,13003341,15,16388
25,29819598,25,13003343,15,16382
25,29819598,25,13003343,15,16388
25,29819598,25,13003345,15,16390
25,29819598,25,13003350,15,16381
25,29819598,25,13003350,15,16382
25,29819598,25,13003350,15,16388
25,29819598,25,13003359,15,16381
25,29819598,25,13003362,15,16380
25,29819598,25,13003375,15,16387
25,29819598,25,13003377,15,16388
25,29819598,25,13003379,15,16381
25,29819598,25,13003379,15,16382
25,29819598,25,13003379,15,16388
25,29819598,25,13003380,15,16381
25,29819598,25,13003383,15,16393
25,29819598,25,13003383,15,16394
25,29819598,25,13003384,15,16382
25,29819598,25,13003385,15,16395
25,29819598,25,13003386,15,16385
25,29819598,25,13003386,15,16396
25,29819600,25,13003244,15,16379
25,29819600,25,13003285,15,16379
25,29819600,25,13003286,15,16379
25,29819600,25,13003289,15,16380
25,29819600,25,13003292,15,16380
25,29819600,25,13003327,15,16386
25,29819600,25,13003328,15,16387
25,29819600,25,13003330,15,16386
25,29819601,25,13003247,15,16381
25,29819601,25,13003267,15,16381
25,29819601,25,13003268,15,16381
25,29819601,25,13003268,15,16382
25,29819601,25,13003285,15,16381
25,29819601,25,13003285,15,16382
25,29819601,25,13003286,15,16381
25,29819601,25,13003286,15,16382
25,29819601,25,13003288,15,16381
25,29819601,25,13003290,15,16382
25,29819601,25,13003291,15,16384
25,29819601,25,13003294,15,16384
25,29819601,25,13003297,15,16386
25,29819601,25,13003300,15,16386
25,29819601,25,13003303,15,16388
25,29819601,25,13003304,15,16388
25,29819601,25,13003306,15,16388
25,29819601,25,13003308,15,16389
25,29819601,25,13003311,15,16384
25,29819601,25,13003350,15,16389
25,29819601,25,13003351,15,16381
25,29819601,25,13003351,15,16382
25,29819601,25,13003351,15,16388
25,29819601,25,13003370,15,16388
25,29819601,25,13003371,15,16389
25,29819601,25,13003372,15,16389
25,29819601,25,13003373,15,16388
25,29819601,25,13003381,15,16392
25,29819601,25,13003382,15,16393
25,29819601,25,13003385,15,16382
25,29819601,25,13003387,15,16387
25,29819601,25,13003387,15,16395
25,29819602,25,13003245,15,16379
25,29819602,25,13003245,15,16382
25,29819602,25,13003245,15,16384
25,29819602,25,13003248,15,16382
25,29819602,25,13003266,15,16380
25,29819602,25,13003277,15,16379
25,29819602,25,13003280,15,16379
25,29819602,25,13003283,15,16381
25,29819602,25,13003286,15,16381
25,29819602,25,13003312,15,16380
25,29819602,25,13003313,15,16379
25,29819602,25,13003322,15,16379
25,29819602,25,13003326,15,16386
25,29819602,25,13003331,15,16386
25,29819602,25,13003355,15,16380
25,29819602,25,13003358,15,16380
25,29819602,25,13003370,15,16387
25,29819602,25,13003370,15,16388
25,29819602,25,13003372,15,16389
25,29819602,25,13003373,15,16388
25,29819602,25,13003381,15,16392
25,29819603,25,13003249,15,16385
25,29819603,25,13003250,15,16380
25,29819603,25,13003271,15,16384
25,29819603,25,13003279,15,16382
25,29819603,25,13003281,15,16384
25,29819603,25,13003282,15,16382
25,29819603,25,13003285,15,16385
25,29819603,25,13003286,15,16385
25,29819603,25,13003289,15,16386
25,29819603,25,13003295,15,16388
25,29819603,25,13003298,15,16388
25,29819603,25,13003298,15,16394
25,29819603,25,13003300,15,16389
25,29819603,25,13003304,15,16392
25,29819603,25,13003310,15,16386
25,29819603,25,13003313,15,16381
25,29819603,25,13003379,15,16389
25,29819603,25,13003383,15,16395
25,29819603,25,13003385,15,16397
25,29819603,25,13003386,15,16397
25,29819604,25,13003245,15,16385
25,29819604,25,13003267,15,16382
25,29819604,25,13003302,15,16392
25,29819604,25,13003313,15,16380
25,29819604,25,13003314,15,16381
25,29819604,25,13003316,15,16379
25,29819604,25,13003318,15,16379
25,29819604,25,13003372,15,16382
25,29819604,25,13003372,15,16386
25,29819605,25,13003250,15,16382
25,29819605,25,13003270,15,16386
25,29819605,25,13003277,15,16385
25,29819605,25,13003280,15,16385
25,29819605,25,13003281,15,16386
25,29819605,25,13003283,15,16387
25,29819605,25,13003286,15,16387
25,29819605,25,13003286,15,16388
25,29819605,25,13003289,15,16389
25,29819605,25,13003292,15,16389
25,29819605,25,13003309,15,16388
25,29819605,25,13003315,15,16386
25,29819605,25,13003316,15,16381
25,29819605,25,13003335,15,16381
25,29819605,25,13003335,15,16382
25,29819605,25,13003335,15,16389
25,29819605,25,13003336,15,16385
25,29819605,25,13003336,15,16386
25,29819605,25,13003343,15,16390
25,29819605,25,13003345,15,16391
25,29819605,25,13003348,15,16391
25,29819605,25,13003351,15,16391
25,29819605,25,13003352,15,16382
25,29819605,25,13003386,15,16382
25,29819605,25,13003387,15,16384
25,29819605,25,13003387,15,16394
25,29819605,25,13003388,15,16385
25,29819605,25,13003388,15,16388
25,29819606,25,13003375,15,16382
25,29819606,25,13003382,15,16391
25,29819606,25,13003382,15,16392
25,29819606,25,13003384,15,16394
25,29819606,25,13003385,15,16396
25,29819606,25,13003386,15,16395
25,29819606,25,13003387,15,16397
25,29819607,25,13003250,15,16384
25,29819607,25,13003263,15,16382
25,29819607,25,13003263,15,16384
25,29819607,25,13003264,15,16382
25,29819607,25,13003273,15,16386
25,29819607,25,13003275,15,16387
25,29819607,25,13003276,15,16386
25,29819607,25,13003281,15,16394
25,29819607,25,13003283,15,16392
25,29819607,25,13003284,15,16394
25,29819607,25,13003286,15,16392
25,29819607,25,13003286,15,16395
25,29819607,25,13003286,15,16400
25,29819607,25,13003290,15,16400
25,29819607,25,13003294,15,16398
25,29819607,25,13003297,15,16398
25,29819607,25,13003298,15,16395
25,29819607,25,13003316,15,16384
25,29819607,25,13003327,15,16381
25,29819607,25,13003327,15,16382
25,29819607,25,13003327,15,16386
25,29819607,25,13003327,15,16389
25,29819607,25,13003330,15,16381
25,29819607,25,13003330,15,16382
25,29819607,25,13003330,15,16386
25,29819607,25,13003330,15,16389
25,29819607,25,13003334,15,16390
25,29819607,25,13003341,15,16392
25,29819607,25,13003343,15,16392
25,29819607,25,13003383,15,16393
25,29819607,25,13003387,15,16382
25,29819608,25,13003246,15,16385
25,29819608,25,13003273,15,16387
25,29819608,25,13003316,15,16380
25,29819608,25,13003323,15,16380
25,29819608,25,13003339,15,16392
25,29819608,25,13003343,15,16392
25,29819608,25,13003345,15,16391
25,29819608,25,13003348,15,16391
25,29819608,25,13003351,15,16385
25,29819608,25,13003351,15,16388
25,29819608,25,13003352,15,16388
25,29819608,25,13003384,15,16393
25,29819608,25,13003387,15,16395
25,29819609,25,13003252,15,16380
25,29819609,25,13003261,15,16382
25,29819609,25,13003261,15,16384
25,29819609,25,13003263,15,16385
25,29819609,25,13003265,15,16381
25,29819609,25,13003265,15,16382
25,29819609,25,13003265,15,16384
25,29819609,25,13003268,15,16382
25,29819609,25,13003275,15,16394
25,29819609,25,13003276,15,16394
25,29819609,25,13003278,15,16392
25,29819609,25,13003282,15,16395
25,29819609,25,13003283,15,16399
25,29819609,25,13003286,15,16401
25,29819609,25,13003286,15,16402
25,29819609,25,13003288,15,16403
25,29819609,25,13003294,15,16402
25,29819609,25,13003310,15,16388
25,29819609,25,13003317,15,16381
25,29819609,25,13003317,15,16382
25,29819609,25,13003319,15,16386
25,29819609,25,13003319,15,16389
25,29819609,25,13003321,15,16388
25,29819609,25,13003321,15,16390
25,29819609,25,13003325,15,16388
25,29819609,25,13003325,15,16390
25,29819609,25,13003326,15,16390
25,29819609,25,13003333,15,16392
25,29819609,25,13003336,15,16392
25,29819609,25,13003353,15,16382
25,29819609,25,13003387,15,16393
25,29819609,25,13003388,15,16382
25,29819609,25,13003388,15,16384
25,29819609,25,13003389,15,16385
25,29819609,25,13003389,15,16388
25,29819610,25,13003260,15,16384
25,29819610,25,13003261,15,16385
25,29819610,25,13003262,15,16385
25,29819610,25,13003274,15,16387
25,29819610,25,13003275,15,16389
25,29819610,25,13003275,15,16394
25,29819610,25,13003317,15,16380
25,29819610,25,13003318,15,16380
25,29819610,25,13003331,15,16392
25,29819610,25,13003334,15,16392
25,29819610,25,13003335,15,16391
25,29819610,25,13003341,15,16388
25,29819610,25,13003341,15,16390
25,29819610,25,13003343,15,16385
25,29819610,25,13003343,15,16388
25,29819610,25,13003343,15,16390
25,29819610,25,13003345,15,16384
25,29819610,25,13003345,15,16389
25,29819610,25,13003346,15,16385
25,29819610,25,13003348,15,16384
25,29819610,25,13003349,15,16382
25,29819610,25,13003380,15,16381
25,29819610,25,13003385,15,16392
25,29819610,25,13003389,15,16390
25,29819610,25,13003389,15,16392
25,29819611,25,13003260,15,16382
25,29819611,25,13003281,15,16399
25,29819611,25,13003282,15,16399
25,29819611,25,13003282,15,16400
25,29819611,25,13003289,15,16403
25,29819611,25,13003289,15,16404
25,29819611,25,13003292,15,16403
25,29819611,25,13003298,15,16397
25,29819611,25,13003298,15,16398
25,29819611,25,13003299,15,16395
25,29819611,25,13003300,15,16395
25,29819611,25,13003301,15,16392
25,29819611,25,13003311,15,16388
25,29819611,25,13003313,15,16390
25,29819611,25,13003316,15,16390
25,29819611,25,13003319,15,16391
25,29819611,25,13003322,15,16391
25,29819611,25,13003325,15,16392
25,29819611,25,13003328,15,16392
25,29819611,25,13003379,15,16390
25,29819611,25,13003381,15,16391
25,29819612,25,13003247,15,16385
25,29819612,25,13003249,15,16382
25,29819612,25,13003260,15,16382
25,29819612,25,13003272,15,16384
25,29819612,25,13003275,15,16388
25,29819612,25,13003280,15,16402
25,29819612,25,13003321,15,16392
25,29819612,25,13003325,15,16392
25,29819612,25,13003326,15,16392
25,29819612,25,13003327,15,16391
25,29819612,25,13003330,15,16391
25,29819612,25,13003333,15,16390
25,29819612,25,13003336,15,16390
25,29819612,25,13003338,15,16387
25,29819612,25,13003338,15,16388
25,29819612,25,13003340,15,16389
25,29819612,25,13003345,15,16381
25,29819613,25,13003250,15,16384
25,29819613,25,13003289,15,16409
25,29819613,25,13003295,15,16403
25,29819613,25,13003296,15,16402
25,29819613,25,13003299,15,16398
25,29819613,25,13003304,15,16392
25,29819613,25,13003310,15,16393
25,29819613,25,13003311,15,16391
25,29819613,25,13003314,15,16391
25,29819613,25,13003349,15,16382
25,29819614,25,13003249,15,16384
25,29819614,25,13003250,15,16379
25,29819614,25,13003271,15,16381
25,29819614,25,13003274,15,16386
25,29819614,25,13003275,15,16387
25,29819614,25,13003276,15,16394
25,29819614,25,13003280,15,16399
25,29819614,25,13003313,15,16392
25,29819614,25,13003325,15,16390
25,29819614,25,13003328,15,16390
25,29819614,25,13003374,15,16384
25,29819614,25,13003376,15,16386
25,29819614,25,13003377,15,16387
25,29819614,25,13003379,15,16381
25,29819614,25,13003389,15,16384
25,29819615,25,13003250,15,16385
25,29819615,25,13003263,15,16385
25,29819615,25,13003265,15,16386
25,29819615,25,13003266,15,16385
25,29819615,25,13003266,15,16386
25,29819615,25,13003286,15,16410
25,29819615,25,13003290,15,16410
25,29819615,25,13003302,15,16395
25,29819615,25,13003304,15,16394
25,29819615,25,13003310,15,16395
25,29819615,25,13003311,15,16393
25,29819615,25,13003311,15,16394
25,29819615,25,13003350,15,16382
25,29819616,25,13003250,15,16380
25,29819616,25,13003272,15,16382
25,29819616,25,13003273,15,16384
25,29819616,25,13003274,15,16385
25,29819616,25,13003276,15,16388
25,29819616,25,13003277,15,16391
25,29819616,25,13003277,15,16392
25,29819616,25,13003284,15,16408
25,29819616,25,13003285,15,16410
25,29819616,25,13003293,15,16412
25,29819616,25,13003301,15,16398
25,29819616,25,13003303,15,16395
25,29819616,25,13003304,15,16395
25,29819616,25,13003308,15,16395
25,29819616,25,13003309,15,16394
25,29819616,25,13003314,15,16391
25,29819616,25,13003320,15,16386
25,29819616,25,13003322,15,16389
25,29819616,25,13003325,15,16388
25,29819616,25,13003326,15,16388
25,29819616,25,13003354,15,16381
25,29819616,25,13003376,15,16385
25,29819616,25,13003379,15,16388
25,29819617,25,13003253,15,16381
25,29819617,25,13003276,15,16396
25,29819617,25,13003277,15,16397
25,29819617,25,13003278,15,16397
25,29819617,25,13003286,15,16411
25,29819617,25,13003288,15,16411
25,29819617,25,13003294,15,16409
25,29819617,25,13003296,15,16403
25,29819617,25,13003296,15,16404
25,29819617,25,13003297,15,16402
25,29819617,25,13003333,15,16386
25,29819617,25,13003335,15,16385
25,29819617,25,13003335,15,16387
25,29819617,25,13003369,15,16382
25,29819617,25,13003380,15,16390
25,29819617,25,13003383,15,16391
25,29819617,25,13003383,15,16392
25,29819617,25,13003384,15,16392
25,29819617,25,13003391,15,16382
25,29819618,25,13003249,15,16385
25,29819618,25,13003250,15,16381
25,29819618,25,13003250,15,16382
25,29819618,25,13003253,15,16379
25,29819618,25,13003261,15,16382
25,29819618,25,13003261,15,16386
25,29819618,25,13003263,15,16387
25,29819618,25,13003266,15,16387
25,29819618,25,13003268,15,16379
25,29819618,25,13003273,15,16382
25,29819618,25,13003275,15,16385
25,29819618,25,13003277,15,16390
25,29819618,25,13003278,15,16381
25,29819618,25,13003279,15,16398
25,29819618,25,13003281,15,16399
25,29819618,25,13003283,15,16403
25,29819618,25,13003286,15,16382
25,29819618,25,13003286,15,16412
25,29819618,25,13003288,15,16412
25,29819618,25,13003296,15,16403
25,29819618,25,13003298,15,16399
25,29819618,25,13003300,15,16397
25,29819618,25,13003300,15,16398
25,29819618,25,13003302,15,16396
25,29819618,25,13003304,15,16382
25,29819618,25,13003310,15,16393
25,29819618,25,13003312,15,16390
25,29819618,25,13003314,15,16387
25,29819618,25,13003316,15,16386
25,29819618,25,13003321,15,16386
25,29819618,25,13003325,15,16382
25,29819618,25,13003327,15,16388
25,29819618,25,13003335,15,16388
25,29819618,25,13003336,15,16387
25,29819618,25,13003343,15,16382
25,29819618,25,13003355,15,16384
25,29819618,25,13003356,15,16386
25,29819618,25,13003359,15,16381
25,29819618,25,13003361,15,16381
25,29819618,25,13003365,15,16382
25,29819618,25,13003379,15,16382
25,29819618,25,13003381,15,16390
25,29819618,25,13003383,15,16391
25,29819618,25,13003391,15,16386
25,29819620,25,13003250,15,16382
25,29819620,25,13003261,15,16386
25,29819620,25,13003272,15,16381
25,29819620,25,13003274,15,16384
25,29819620,25,13003277,15,16396
25,29819620,25,13003283,15,16403
25,29819620,25,13003283,15,16404
25,29819620,25,13003303,15,16391
25,29819620,25,13003303,15,16392
25,29819620,25,13003304,15,16391
25,29819620,25,13003304,15,16392
25,29819620,25,13003335,15,16386
25,29819620,25,13003336,15,16386
25,29819620,25,13003355,15,16386
25,29819620,25,13003356,15,16386
25,29819620,25,13003359,15,16381
25,29819620,25,13003361,15,16381
25,29819620,25,13003377,15,16386
25,29819620,25,13003384,15,16391
25,29819621,25,13003254,15,16380
25,29819621,25,13003267,15,16387
25,29819621,25,13003277,15,16399
25,29819621,25,13003312,15,16391
25,29819621,25,13003317,15,16386
25,29819621,25,13003319,15,16387
25,29819621,25,13003320,15,16386
25,29819621,25,13003332,15,16388
25,29819622,25,13003249,15,16385
25,29819622,25,13003277,15,16390
25,29819622,25,13003277,15,16397
25,29819622,25,13003280,15,16398
25,29819622,25,13003289,15,16408
25,29819622,25,13003290,15,16409
25,29819622,25,13003292,15,16408
25,29819622,25,13003310,15,16392
25,29819622,25,13003331,15,16388
25,29819622,25,13003332,15,16388
25,29819622,25,13003381,15,16388
25,29819622,25,13003388,15,16390
25,29819623,25,13003254,15,16382
25,29819623,25,13003299,15,16399
25,29819623,25,13003299,15,16402
25,29819623,25,13003303,15,16391
25,29819623,25,13003303,15,16394
25,29819623,25,13003312,15,16392
25,29819623,25,13003313,15,16388
25,29819623,25,13003316,15,16387
25,29819623,25,13003317,15,16388
25,29819623,25,13003389,15,16389
25,29819623,25,13003392,15,16388
25,29819624,25,13003250,15,16386
25,29819624,25,13003265,15,16386
25,29819624,25,13003268,15,16384
25,29819624,25,13003275,15,16384
25,29819624,25,13003278,15,16390
25,29819624,25,13003278,15,16394
25,29819624,25,13003280,15,16396
25,29819624,25,13003284,15,16403
25,29819624,25,13003290,15,16403
25,29819624,25,13003290,15,16405
25,29819624,25,13003294,15,16402
25,29819624,25,13003297,15,16399
25,29819624,25,13003297,15,16400
25,29819624,25,13003317,15,16388
25,29819624,25,13003321,15,16386
25,29819624,25,13003331,15,16385
25,29819625,25,13003313,15,16389
25,29819625,25,13003328,15,16385
25,29819625,25,13003328,15,16388
25,29819626,25,13003250,15,16385
25,29819626,25,13003277,15,16386
25,29819626,25,13003281,15,16398
25,29819626,25,13003285,15,16402
25,29819626,25,13003291,15,16402
25,29819626,25,13003292,15,16403
25,29819626,25,13003293,15,16401
25,29819626,25,13003293,15,16402
25,29819626,25,13003296,15,16399
25,29819626,25,13003302,15,16395
25,29819626,25,13003303,15,16393
25,29819626,25,13003303,15,16394
25,29819626,25,13003311,15,16392
25,29819626,25,13003312,15,16392
25,29819626,25,13003318,15,16387
25,29819626,25,13003325,15,16388
25,29819627,25,13003252,15,16387
25,29819627,25,13003255,15,16381
25,29819627,25,13003255,15,16382
25,29819627,25,13003255,15,16384
25,29819627,25,13003255,15,16388
25,29819627,25,13003256,15,16388
25,29819627,25,13003304,15,16392
25,29819627,25,13003341,15,16384
25,29819627,25,13003343,15,16384
25,29819627,25,13003393,15,16385
25,29819627,25,13003393,15,16389
25,29819628,25,13003257,15,16382
25,29819628,25,13003257,15,16384
25,29819628,25,13003274,15,16381
25,29819628,25,13003285,15,16398
25,29819628,25,13003286,15,16398
25,29819628,25,13003289,15,16401
25,29819628,25,13003291,15,16396
25,29819628,25,13003295,15,16393
25,29819628,25,13003295,15,16394
25,29819628,25,13003298,15,16393
25,29819628,25,13003298,15,16394
25,29819628,25,13003304,15,16392
25,29819628,25,13003306,15,16392
25,29819628,25,13003309,15,16388
25,29819628,25,13003315,15,16386
25,29819628,25,13003316,15,16386
25,29819628,25,13003386,15,16386
25,29819629,25,13003256,15,16389
25,29819629,25,13003267,15,16384
25,29819629,25,13003268,15,16384
25,29819629,25,13003270,15,16381
25,29819629,25,13003270,15,16382
25,29819629,25,13003272,15,16380
25,29819629,25,13003389,15,16389
25,29819629,25,13003390,15,16390
25,29819629,25,13003393,15,16391
25,29819630,25,13003252,15,16380
25,29819630,25,13003252,15,16385
25,29819630,25,13003252,15,16386
25,29819630,25,13003255,15,16386
25,29819630,25,13003270,15,16381
25,29819630,25,13003270,15,16382
25,29819630,25,13003273,15,16379
25,29819630,25,13003277,15,16385
25,29819630,25,13003279,15,16388
25,29819630,25,13003280,15,16391
25,29819630,25,13003281,15,16395
25,29819630,25,13003284,15,16395
25,29819630,25,13003285,15,16394
25,29819630,25,13003286,15,16394
25,29819630,25,13003288,15,16394
25,29819630,25,13003298,15,16392
25,29819630,25,13003302,15,16388
25,29819630,25,13003310,15,16386
25,29819630,25,13003311,15,16385
25,29819630,25,13003313,15,16384
25,29819630,25,13003391,15,16390
25,29819631,25,13003260,15,16380
25,29819631,25,13003262,15,16385
25,29819631,25,13003262,15,16386
25,29819631,25,13003267,15,16385
25,29819631,25,13003335,15,16388
25,29819631,25,13003336,15,16388
25,29819631,25,13003394,15,16389
25,29819631,25,13003394,15,16390
25,29819632,25,13003253,15,16385
25,29819632,25,13003266,15,16386
25,29819632,25,13003267,15,16385
25,29819632,25,13003275,15,16381
25,29819632,25,13003279,15,16387
25,29819632,25,13003281,15,16394
25,29819632,25,13003286,15,16393
25,29819632,25,13003289,15,16394
25,29819632,25,13003291,15,16389
25,29819632,25,13003291,15,16393
25,29819632,25,13003291,15,16396
25,29819632,25,13003292,15,16394
25,29819632,25,13003294,15,16389
25,29819632,25,13003296,15,16388
25,29819632,25,13003298,15,16387
25,29819632,25,13003339,15,16386
25,29819632,25,13003394,15,16389
25,29819633,25,13003257,15,16382
25,29819633,25,13003257,15,16384
25,29819633,25,13003259,15,16385
25,29819633,25,13003261,15,16386
25,29819633,25,13003393,15,16382
25,29819633,25,13003394,15,16382
25,29819634,25,13003253,15,16379
25,29819634,25,13003258,15,16379
25,29819634,25,13003258,15,16381
25,29819634,25,13003258,15,16382
25,29819634,25,13003258,15,16384
25,29819634,25,13003259,15,16385
25,29819634,25,13003260,15,16385
25,29819634,25,13003261,15,16386
25,29819634,25,13003264,15,16379
25,29819634,25,13003265,15,16385
25,29819634,25,13003267,15,16379
25,29819634,25,13003277,15,16384
25,29819634,25,13003278,15,16385
25,29819634,25,13003283,15,16390
25,29819634,25,13003286,15,16389
25,29819634,25,13003286,15,16390
25,29819634,25,13003289,15,16387
25,29819634,25,13003290,15,16387
25,29819634,25,13003290,15,16388
25,29819634,25,13003294,15,16386
25,29819634,25,13003336,15,16388
25,29819634,25,13003338,15,16386
25,29819634,25,13003388,15,16389
25,29819635,25,13003268,15,16381
25,29819635,25,13003268,15,16382
25,29819635,25,13003268,15,16384
25,29819635,25,13003307,15,16388
25,29819635,25,13003395,15,16385
25,29819635,25,13003395,15,16388
25,29819636,25,13003256,15,16379
25,29819636,25,13003268,15,16384
25,29819636,25,13003283,15,16387
25,29819636,25,13003286,15,16386
25,29819636,25,13003288,15,16386
25,29819636,25,13003303,15,16387
25,29819636,25,13003304,15,16387
25,29819636,25,13003304,15,16388
25,29819636,25,13003395,15,16382
25,29819637,25,13003278,15,16385
25,29819637,25,13003278,15,16386
25,29819637,25,13003280,15,16389
25,29819637,25,13003318,15,16386
25,29819639,25,13003263,15,16388
25,29819639,25,13003266,15,16389
25,29819639,25,13003268,15,16382
25,29819639,25,13003276,15,16380
25,29819639,25,13003277,15,16385
25,29819639,25,13003280,15,16389
25,29819639,25,13003282,15,16385
25,29819639,25,13003286,15,16382
25,29819639,25,13003299,15,16386
25,29819639,25,13003302,15,16386
25,29819639,25,13003304,15,16382
25,29819639,25,13003325,15,16382
25,29819639,25,13003343,15,16382
25,29819639,25,13003361,15,16382
25,29819639,25,13003371,15,16384
25,29819639,25,13003379,15,16382
25,29819640,25,13003260,15,16381
25,29819640,25,13003260,15,16382
25,29819640,25,13003267,15,16380
25,29819640,25,13003268,15,16380
25,29819640,25,13003292,15,16384
25,29819640,25,13003371,15,16384
25,29819641,25,13003268,15,16384
25,29819641,25,13003270,15,16384
25,29819641,25,13003320,15,16386
25,29819641,25,13003332,15,16386
25,29819641,25,13003333,15,16387
25,29819642,25,13003276,15,16385
25,29819642,25,13003279,15,16390
25,29819642,25,13003316,15,16386
25,29819642,25,13003317,15,16388
25,29819642,25,13003318,15,16387
25,29819642,25,13003319,15,16386
25,29819642,25,13003375,15,16382
25,29819642,25,13003379,15,16382
25,29819643,25,13003262,15,16389
25,29819643,25,13003264,15,16390
25,29819643,25,13003268,15,16387
25,29819643,25,13003270,15,16385
25,29819643,25,13003286,15,16385
25,29819644,25,13003277,15,16386
25,29819644,25,13003278,15,16387
25,29819644,25,13003278,15,16389
25,29819644,25,13003284,15,16388
25,29819644,25,13003333,15,16387
25,29819644,25,13003336,15,16386
25,29819644,25,13003367,15,16382
25,29819644,25,13003370,15,16382
25,29819645,25,13003268,15,16390
25,29819645,25,13003270,15,16390
25,29819645,25,13003288,15,16387
25,29819645,25,13003288,15,16388
25,29819645,25,13003325,15,16388
25,29819645,25,13003326,15,16388
25,29819646,25,13003262,15,16389
25,29819646,25,13003268,15,16389
25,29819646,25,13003268,15,16390
25,29819646,25,13003281,15,16386
25,29819646,25,13003286,15,16387
25,29819646,25,13003286,15,16388
25,29819646,25,13003288,15,16386
25,29819646,25,13003322,15,16386
25,29819646,25,13003357,15,16382
25,29819646,25,13003361,15,16382
25,29819646,25,13003362,15,16382
25,29819647,25,13003271,15,16385
25,29819647,25,13003276,15,16385
25,29819647,25,13003306,15,16387
25,29819648,25,13003266,15,16389
25,29819648,25,13003267,15,16385
25,29819648,25,13003272,15,16385
25,29819648,25,13003325,15,16388
25,29819648,25,13003326,15,16388
25,29819648,25,13003327,15,16387
25,29819648,25,13003349,15,16382
25,29819648,25,13003352,15,16382
25,29819649,25,13003337,15,16386
25,29819649,25,13003338,15,16386
25,29819650,25,13003275,15,16386
25,29819650,25,13003296,15,16388
25,29819650,25,13003335,15,16387
25,29819650,25,13003343,15,16382
25,29819650,25,13003344,15,16382
25,29819651,25,13003299,15,16388
25,29819651,25,13003302,15,16386
25,29819651,25,13003337,15,16388
25,29819652,25,13003257,15,16380
25,29819652,25,13003261,15,16386
25,29819652,25,13003298,15,16387
25,29819653,25,13003292,15,16387
25,29819653,25,13003325,15,16386
25,29819653,25,13003327,15,16389
25,29819653,25,13003328,15,16388
25,29819653,25,13003329,15,16386
25,29819654,25,13003261,15,16385
25,29819654,25,13003262,15,16385
25,29819654,25,13003262,15,16386
25,29819654,25,13003264,15,16381
25,29819654,25,13003264,15,16382
25,29819654,25,13003296,15,16386
25,29819654,25,13003301,15,16386
25,29819654,25,13003323,15,16382
25,29819654,25,13003325,15,16382
25,29819654,25,13003325,15,16386
25,29819654,25,13003326,15,16385
25,29819654,25,13003326,15,16388
25,29819655,25,13003268,15,16388
25,29819656,25,13003258,15,16380
25,29819656,25,13003273,15,16388
25,29819656,25,13003275,15,16384
25,29819656,25,13003316,15,16382
25,29819657,25,13003266,15,16385
25,29819657,25,13003267,15,16388
25,29819659,25,13003259,15,16380
25,29819659,25,13003265,15,16381
25,29819659,25,13003265,15,16382
25,29819659,25,13003266,15,16380
25,29819659,25,13003268,15,16381
25,29819659,25,13003268,15,16382
25,29819659,25,13003274,15,16384
25,29819659,25,13003286,15,16382
25,29819659,25,13003294,15,16388
25,29819659,25,13003303,15,16384
25,29819659,25,13003304,15,16382
25,29819659,25,13003304,15,16384
25,29819660,25,13003265,15,16382
25,29819660,25,13003266,15,16380
25,29819660,25,13003266,15,16384
25,29819660,25,13003266,15,16388
25,29819660,25,13003273,15,16384
25,29819660,25,13003274,15,16384
25,29819660,25,13003301,15,16382
25,29819660,25,13003303,15,16384
25,29819660,25,13003304,15,16382
25,29819662,25,13003267,15,16382
25,29819662,25,13003268,15,16388
25,29819662,25,13003270,15,16389
25,29819662,25,13003293,15,16382
25,29819662,25,13003293,15,16387
25,29819662,25,13003294,15,16386
25,29819662,25,13003296,15,16382
25,29819664,25,13003260,15,16380
25,29819664,25,13003283,15,16382
25,29819664,25,13003286,15,16382
25,29819666,25,13003275,15,16381
25,29819666,25,13003275,15,16382
25,29819668,25,13003262,15,16381
25,29819668,25,13003268,15,16381
25,29819668,25,13003270,15,16381
